dataset,sequence_identity,num_clusters
Fold01_200x_PE_samples_BINPACKER,1.00,648
Fold01_200x_PE_samples_BINPACKER,0.99,555
Fold01_200x_PE_samples_BINPACKER,0.98,520
Fold01_200x_PE_samples_BINPACKER,0.97,499
Fold01_200x_PE_samples_BINPACKER,0.96,479
Fold01_200x_PE_samples_BINPACKER,0.95,467
Fold01_200x_PE_samples_BINPACKER,0.94,460
Fold01_200x_PE_samples_BINPACKER,0.93,450
Fold01_200x_PE_samples_BINPACKER,0.92,441
Fold01_200x_PE_samples_BINPACKER,0.91,435
Fold01_200x_PE_samples_BINPACKER,0.90,430
Fold01_200x_PE_samples_BINPACKER,0.80,408
Fold01_200x_PE_samples_BINPACKER,0.70,369
Fold01_200x_PE_samples_BINPACKER,0.60,327
Fold01_200x_PE_samples_BINPACKER,0.50,249
Fold01_200x_PE_samples_BRIDGER,1.00,511
Fold01_200x_PE_samples_BRIDGER,0.99,481
Fold01_200x_PE_samples_BRIDGER,0.98,454
Fold01_200x_PE_samples_BRIDGER,0.97,442
Fold01_200x_PE_samples_BRIDGER,0.96,420
Fold01_200x_PE_samples_BRIDGER,0.95,410
Fold01_200x_PE_samples_BRIDGER,0.94,400
Fold01_200x_PE_samples_BRIDGER,0.93,389
Fold01_200x_PE_samples_BRIDGER,0.92,384
Fold01_200x_PE_samples_BRIDGER,0.91,383
Fold01_200x_PE_samples_BRIDGER,0.90,379
Fold01_200x_PE_samples_BRIDGER,0.80,356
Fold01_200x_PE_samples_BRIDGER,0.70,324
Fold01_200x_PE_samples_BRIDGER,0.60,281
Fold01_200x_PE_samples_BRIDGER,0.50,206
Fold01_200x_PE_samples_CSTONE,1.00,314
Fold01_200x_PE_samples_CSTONE,0.99,279
Fold01_200x_PE_samples_CSTONE,0.98,274
Fold01_200x_PE_samples_CSTONE,0.97,270
Fold01_200x_PE_samples_CSTONE,0.96,268
Fold01_200x_PE_samples_CSTONE,0.95,268
Fold01_200x_PE_samples_CSTONE,0.94,267
Fold01_200x_PE_samples_CSTONE,0.93,266
Fold01_200x_PE_samples_CSTONE,0.92,265
Fold01_200x_PE_samples_CSTONE,0.91,264
Fold01_200x_PE_samples_CSTONE,0.90,262
Fold01_200x_PE_samples_CSTONE,0.80,251
Fold01_200x_PE_samples_CSTONE,0.70,231
Fold01_200x_PE_samples_CSTONE,0.60,212
Fold01_200x_PE_samples_CSTONE,0.50,157
Fold01_200x_PE_samples_IDBA,1.00,415
Fold01_200x_PE_samples_IDBA,0.99,415
Fold01_200x_PE_samples_IDBA,0.98,413
Fold01_200x_PE_samples_IDBA,0.97,410
Fold01_200x_PE_samples_IDBA,0.96,404
Fold01_200x_PE_samples_IDBA,0.95,403
Fold01_200x_PE_samples_IDBA,0.94,400
Fold01_200x_PE_samples_IDBA,0.93,400
Fold01_200x_PE_samples_IDBA,0.92,398
Fold01_200x_PE_samples_IDBA,0.91,392
Fold01_200x_PE_samples_IDBA,0.90,389
Fold01_200x_PE_samples_IDBA,0.80,309
Fold01_200x_PE_samples_IDBA,0.70,244
Fold01_200x_PE_samples_IDBA,0.60,220
Fold01_200x_PE_samples_IDBA,0.50,181
Fold01_200x_PE_samples_MEGAHIT,1.00,460
Fold01_200x_PE_samples_MEGAHIT,0.99,455
Fold01_200x_PE_samples_MEGAHIT,0.98,454
Fold01_200x_PE_samples_MEGAHIT,0.97,448
Fold01_200x_PE_samples_MEGAHIT,0.96,444
Fold01_200x_PE_samples_MEGAHIT,0.95,443
Fold01_200x_PE_samples_MEGAHIT,0.94,438
Fold01_200x_PE_samples_MEGAHIT,0.93,434
Fold01_200x_PE_samples_MEGAHIT,0.92,431
Fold01_200x_PE_samples_MEGAHIT,0.91,426
Fold01_200x_PE_samples_MEGAHIT,0.90,416
Fold01_200x_PE_samples_MEGAHIT,0.80,305
Fold01_200x_PE_samples_MEGAHIT,0.70,244
Fold01_200x_PE_samples_MEGAHIT,0.60,209
Fold01_200x_PE_samples_MEGAHIT,0.50,178
Fold01_200x_PE_samples_MERGEPIPE,1.00,171246
Fold01_200x_PE_samples_MERGEPIPE,0.99,125304
Fold01_200x_PE_samples_MERGEPIPE,0.98,90994
Fold01_200x_PE_samples_MERGEPIPE,0.97,74095
Fold01_200x_PE_samples_MERGEPIPE,0.96,66776
Fold01_200x_PE_samples_MERGEPIPE,0.95,62747
Fold01_200x_PE_samples_MERGEPIPE,0.94,60109
Fold01_200x_PE_samples_MERGEPIPE,0.93,58180
Fold01_200x_PE_samples_MERGEPIPE,0.92,56663
Fold01_200x_PE_samples_MERGEPIPE,0.91,55299
Fold01_200x_PE_samples_MERGEPIPE,0.90,54007
Fold01_200x_PE_samples_MERGEPIPE,0.80,63327
Fold01_200x_PE_samples_MERGEPIPE,0.70,54457
Fold01_200x_PE_samples_MERGEPIPE,0.60,50816
Fold01_200x_PE_samples_MERGEPIPE,0.50,45253
Fold01_200x_PE_samples_PLASS,1.00,169583
Fold01_200x_PE_samples_PLASS,0.99,123204
Fold01_200x_PE_samples_PLASS,0.98,89402
Fold01_200x_PE_samples_PLASS,0.97,72782
Fold01_200x_PE_samples_PLASS,0.96,65620
Fold01_200x_PE_samples_PLASS,0.95,61892
Fold01_200x_PE_samples_PLASS,0.94,59037
Fold01_200x_PE_samples_PLASS,0.93,57324
Fold01_200x_PE_samples_PLASS,0.92,55784
Fold01_200x_PE_samples_PLASS,0.91,54479
Fold01_200x_PE_samples_PLASS,0.90,53244
Fold01_200x_PE_samples_PLASS,0.80,62352
Fold01_200x_PE_samples_PLASS,0.70,53895
Fold01_200x_PE_samples_PLASS,0.60,49876
Fold01_200x_PE_samples_PLASS,0.50,44384
Fold01_200x_PE_samples_RNABLOOM,1.00,2127
Fold01_200x_PE_samples_RNABLOOM,0.99,2049
Fold01_200x_PE_samples_RNABLOOM,0.98,1953
Fold01_200x_PE_samples_RNABLOOM,0.97,1832
Fold01_200x_PE_samples_RNABLOOM,0.96,1736
Fold01_200x_PE_samples_RNABLOOM,0.95,1672
Fold01_200x_PE_samples_RNABLOOM,0.94,1634
Fold01_200x_PE_samples_RNABLOOM,0.93,1601
Fold01_200x_PE_samples_RNABLOOM,0.92,1568
Fold01_200x_PE_samples_RNABLOOM,0.91,1532
Fold01_200x_PE_samples_RNABLOOM,0.90,1500
Fold01_200x_PE_samples_RNABLOOM,0.80,1156
Fold01_200x_PE_samples_RNABLOOM,0.70,857
Fold01_200x_PE_samples_RNABLOOM,0.60,737
Fold01_200x_PE_samples_RNABLOOM,0.50,580
Fold01_200x_PE_samples_SOAPDENOVO,1.00,680
Fold01_200x_PE_samples_SOAPDENOVO,0.99,680
Fold01_200x_PE_samples_SOAPDENOVO,0.98,680
Fold01_200x_PE_samples_SOAPDENOVO,0.97,680
Fold01_200x_PE_samples_SOAPDENOVO,0.96,678
Fold01_200x_PE_samples_SOAPDENOVO,0.95,677
Fold01_200x_PE_samples_SOAPDENOVO,0.94,676
Fold01_200x_PE_samples_SOAPDENOVO,0.93,676
Fold01_200x_PE_samples_SOAPDENOVO,0.92,672
Fold01_200x_PE_samples_SOAPDENOVO,0.91,665
Fold01_200x_PE_samples_SOAPDENOVO,0.90,662
Fold01_200x_PE_samples_SOAPDENOVO,0.80,637
Fold01_200x_PE_samples_SOAPDENOVO,0.70,596
Fold01_200x_PE_samples_SOAPDENOVO,0.60,527
Fold01_200x_PE_samples_SOAPDENOVO,0.50,350
Fold01_200x_PE_samples_SPADES,1.00,665
Fold01_200x_PE_samples_SPADES,0.99,662
Fold01_200x_PE_samples_SPADES,0.98,655
Fold01_200x_PE_samples_SPADES,0.97,651
Fold01_200x_PE_samples_SPADES,0.96,650
Fold01_200x_PE_samples_SPADES,0.95,649
Fold01_200x_PE_samples_SPADES,0.94,643
Fold01_200x_PE_samples_SPADES,0.93,640
Fold01_200x_PE_samples_SPADES,0.92,629
Fold01_200x_PE_samples_SPADES,0.91,622
Fold01_200x_PE_samples_SPADES,0.90,618
Fold01_200x_PE_samples_SPADES,0.80,502
Fold01_200x_PE_samples_SPADES,0.70,398
Fold01_200x_PE_samples_SPADES,0.60,343
Fold01_200x_PE_samples_SPADES,0.50,251
Fold01_200x_PE_samples_STRINGTIE,1.00,1455
Fold01_200x_PE_samples_STRINGTIE,0.99,1315
Fold01_200x_PE_samples_STRINGTIE,0.98,1225
Fold01_200x_PE_samples_STRINGTIE,0.97,1166
Fold01_200x_PE_samples_STRINGTIE,0.96,1127
Fold01_200x_PE_samples_STRINGTIE,0.95,1087
Fold01_200x_PE_samples_STRINGTIE,0.94,1051
Fold01_200x_PE_samples_STRINGTIE,0.93,1021
Fold01_200x_PE_samples_STRINGTIE,0.92,993
Fold01_200x_PE_samples_STRINGTIE,0.91,967
Fold01_200x_PE_samples_STRINGTIE,0.90,931
Fold01_200x_PE_samples_STRINGTIE,0.80,580
Fold01_200x_PE_samples_STRINGTIE,0.70,412
Fold01_200x_PE_samples_STRINGTIE,0.60,313
Fold01_200x_PE_samples_STRINGTIE,0.50,209
Fold01_200x_PE_samples_TRANSABBYS,1.00,2154
Fold01_200x_PE_samples_TRANSABBYS,0.99,1912
Fold01_200x_PE_samples_TRANSABBYS,0.98,1785
Fold01_200x_PE_samples_TRANSABBYS,0.97,1781
Fold01_200x_PE_samples_TRANSABBYS,0.96,1777
Fold01_200x_PE_samples_TRANSABBYS,0.95,1773
Fold01_200x_PE_samples_TRANSABBYS,0.94,1762
Fold01_200x_PE_samples_TRANSABBYS,0.93,1757
Fold01_200x_PE_samples_TRANSABBYS,0.92,1747
Fold01_200x_PE_samples_TRANSABBYS,0.91,1742
Fold01_200x_PE_samples_TRANSABBYS,0.90,1732
Fold01_200x_PE_samples_TRANSABBYS,0.80,1616
Fold01_200x_PE_samples_TRANSABBYS,0.70,1389
Fold01_200x_PE_samples_TRANSABBYS,0.60,1192
Fold01_200x_PE_samples_TRANSABBYS,0.50,701
Fold01_200x_PE_samples_TRINITY,1.00,1387
Fold01_200x_PE_samples_TRINITY,0.99,1348
Fold01_200x_PE_samples_TRINITY,0.98,1287
Fold01_200x_PE_samples_TRINITY,0.97,1210
Fold01_200x_PE_samples_TRINITY,0.96,1143
Fold01_200x_PE_samples_TRINITY,0.95,1112
Fold01_200x_PE_samples_TRINITY,0.94,1069
Fold01_200x_PE_samples_TRINITY,0.93,1041
Fold01_200x_PE_samples_TRINITY,0.92,1010
Fold01_200x_PE_samples_TRINITY,0.91,987
Fold01_200x_PE_samples_TRINITY,0.90,967
Fold01_200x_PE_samples_TRINITY,0.80,769
Fold01_200x_PE_samples_TRINITY,0.70,599
Fold01_200x_PE_samples_TRINITY,0.60,503
Fold01_200x_PE_samples_TRINITY,0.50,362
Fold02_200x_PE_samples_BINPACKER,1.00,698
Fold02_200x_PE_samples_BINPACKER,0.99,572
Fold02_200x_PE_samples_BINPACKER,0.98,530
Fold02_200x_PE_samples_BINPACKER,0.97,506
Fold02_200x_PE_samples_BINPACKER,0.96,487
Fold02_200x_PE_samples_BINPACKER,0.95,474
Fold02_200x_PE_samples_BINPACKER,0.94,468
Fold02_200x_PE_samples_BINPACKER,0.93,455
Fold02_200x_PE_samples_BINPACKER,0.92,452
Fold02_200x_PE_samples_BINPACKER,0.91,442
Fold02_200x_PE_samples_BINPACKER,0.90,434
Fold02_200x_PE_samples_BINPACKER,0.80,394
Fold02_200x_PE_samples_BINPACKER,0.70,359
Fold02_200x_PE_samples_BINPACKER,0.60,326
Fold02_200x_PE_samples_BINPACKER,0.50,235
Fold02_200x_PE_samples_BRIDGER,1.00,503
Fold02_200x_PE_samples_BRIDGER,0.99,460
Fold02_200x_PE_samples_BRIDGER,0.98,443
Fold02_200x_PE_samples_BRIDGER,0.97,428
Fold02_200x_PE_samples_BRIDGER,0.96,417
Fold02_200x_PE_samples_BRIDGER,0.95,410
Fold02_200x_PE_samples_BRIDGER,0.94,400
Fold02_200x_PE_samples_BRIDGER,0.93,393
Fold02_200x_PE_samples_BRIDGER,0.92,390
Fold02_200x_PE_samples_BRIDGER,0.91,379
Fold02_200x_PE_samples_BRIDGER,0.90,375
Fold02_200x_PE_samples_BRIDGER,0.80,341
Fold02_200x_PE_samples_BRIDGER,0.70,318
Fold02_200x_PE_samples_BRIDGER,0.60,287
Fold02_200x_PE_samples_BRIDGER,0.50,199
Fold02_200x_PE_samples_CSTONE,1.00,319
Fold02_200x_PE_samples_CSTONE,0.99,287
Fold02_200x_PE_samples_CSTONE,0.98,283
Fold02_200x_PE_samples_CSTONE,0.97,275
Fold02_200x_PE_samples_CSTONE,0.96,273
Fold02_200x_PE_samples_CSTONE,0.95,273
Fold02_200x_PE_samples_CSTONE,0.94,272
Fold02_200x_PE_samples_CSTONE,0.93,271
Fold02_200x_PE_samples_CSTONE,0.92,271
Fold02_200x_PE_samples_CSTONE,0.91,269
Fold02_200x_PE_samples_CSTONE,0.90,269
Fold02_200x_PE_samples_CSTONE,0.80,262
Fold02_200x_PE_samples_CSTONE,0.70,244
Fold02_200x_PE_samples_CSTONE,0.60,217
Fold02_200x_PE_samples_CSTONE,0.50,145
Fold02_200x_PE_samples_IDBA,1.00,442
Fold02_200x_PE_samples_IDBA,0.99,442
Fold02_200x_PE_samples_IDBA,0.98,440
Fold02_200x_PE_samples_IDBA,0.97,436
Fold02_200x_PE_samples_IDBA,0.96,432
Fold02_200x_PE_samples_IDBA,0.95,429
Fold02_200x_PE_samples_IDBA,0.94,426
Fold02_200x_PE_samples_IDBA,0.93,420
Fold02_200x_PE_samples_IDBA,0.92,418
Fold02_200x_PE_samples_IDBA,0.91,415
Fold02_200x_PE_samples_IDBA,0.90,408
Fold02_200x_PE_samples_IDBA,0.80,302
Fold02_200x_PE_samples_IDBA,0.70,239
Fold02_200x_PE_samples_IDBA,0.60,210
Fold02_200x_PE_samples_IDBA,0.50,184
Fold02_200x_PE_samples_MEGAHIT,1.00,468
Fold02_200x_PE_samples_MEGAHIT,0.99,466
Fold02_200x_PE_samples_MEGAHIT,0.98,459
Fold02_200x_PE_samples_MEGAHIT,0.97,457
Fold02_200x_PE_samples_MEGAHIT,0.96,451
Fold02_200x_PE_samples_MEGAHIT,0.95,448
Fold02_200x_PE_samples_MEGAHIT,0.94,444
Fold02_200x_PE_samples_MEGAHIT,0.93,440
Fold02_200x_PE_samples_MEGAHIT,0.92,435
Fold02_200x_PE_samples_MEGAHIT,0.91,430
Fold02_200x_PE_samples_MEGAHIT,0.90,425
Fold02_200x_PE_samples_MEGAHIT,0.80,319
Fold02_200x_PE_samples_MEGAHIT,0.70,256
Fold02_200x_PE_samples_MEGAHIT,0.60,228
Fold02_200x_PE_samples_MEGAHIT,0.50,187
Fold02_200x_PE_samples_MERGEPIPE,1.00,171920
Fold02_200x_PE_samples_MERGEPIPE,0.99,126135
Fold02_200x_PE_samples_MERGEPIPE,0.98,91847
Fold02_200x_PE_samples_MERGEPIPE,0.97,75297
Fold02_200x_PE_samples_MERGEPIPE,0.96,68009
Fold02_200x_PE_samples_MERGEPIPE,0.95,64443
Fold02_200x_PE_samples_MERGEPIPE,0.94,61623
Fold02_200x_PE_samples_MERGEPIPE,0.93,59655
Fold02_200x_PE_samples_MERGEPIPE,0.92,57940
Fold02_200x_PE_samples_MERGEPIPE,0.91,56445
Fold02_200x_PE_samples_MERGEPIPE,0.90,54892
Fold02_200x_PE_samples_MERGEPIPE,0.80,65278
Fold02_200x_PE_samples_MERGEPIPE,0.70,56374
Fold02_200x_PE_samples_MERGEPIPE,0.60,52486
Fold02_200x_PE_samples_MERGEPIPE,0.50,46497
Fold02_200x_PE_samples_PLASS,1.00,169953
Fold02_200x_PE_samples_PLASS,0.99,123820
Fold02_200x_PE_samples_PLASS,0.98,89906
Fold02_200x_PE_samples_PLASS,0.97,73968
Fold02_200x_PE_samples_PLASS,0.96,66825
Fold02_200x_PE_samples_PLASS,0.95,63107
Fold02_200x_PE_samples_PLASS,0.94,60533
Fold02_200x_PE_samples_PLASS,0.93,58693
Fold02_200x_PE_samples_PLASS,0.92,56955
Fold02_200x_PE_samples_PLASS,0.91,55540
Fold02_200x_PE_samples_PLASS,0.90,53912
Fold02_200x_PE_samples_PLASS,0.80,64086
Fold02_200x_PE_samples_PLASS,0.70,55936
Fold02_200x_PE_samples_PLASS,0.60,51604
Fold02_200x_PE_samples_PLASS,0.50,45767
Fold02_200x_PE_samples_RNABLOOM,1.00,2178
Fold02_200x_PE_samples_RNABLOOM,0.99,2076
Fold02_200x_PE_samples_RNABLOOM,0.98,1971
Fold02_200x_PE_samples_RNABLOOM,0.97,1862
Fold02_200x_PE_samples_RNABLOOM,0.96,1771
Fold02_200x_PE_samples_RNABLOOM,0.95,1713
Fold02_200x_PE_samples_RNABLOOM,0.94,1670
Fold02_200x_PE_samples_RNABLOOM,0.93,1630
Fold02_200x_PE_samples_RNABLOOM,0.92,1595
Fold02_200x_PE_samples_RNABLOOM,0.91,1562
Fold02_200x_PE_samples_RNABLOOM,0.90,1518
Fold02_200x_PE_samples_RNABLOOM,0.80,1165
Fold02_200x_PE_samples_RNABLOOM,0.70,863
Fold02_200x_PE_samples_RNABLOOM,0.60,721
Fold02_200x_PE_samples_RNABLOOM,0.50,567
Fold02_200x_PE_samples_SOAPDENOVO,1.00,696
Fold02_200x_PE_samples_SOAPDENOVO,0.99,696
Fold02_200x_PE_samples_SOAPDENOVO,0.98,696
Fold02_200x_PE_samples_SOAPDENOVO,0.97,696
Fold02_200x_PE_samples_SOAPDENOVO,0.96,695
Fold02_200x_PE_samples_SOAPDENOVO,0.95,695
Fold02_200x_PE_samples_SOAPDENOVO,0.94,693
Fold02_200x_PE_samples_SOAPDENOVO,0.93,688
Fold02_200x_PE_samples_SOAPDENOVO,0.92,685
Fold02_200x_PE_samples_SOAPDENOVO,0.91,682
Fold02_200x_PE_samples_SOAPDENOVO,0.90,678
Fold02_200x_PE_samples_SOAPDENOVO,0.80,651
Fold02_200x_PE_samples_SOAPDENOVO,0.70,607
Fold02_200x_PE_samples_SOAPDENOVO,0.60,531
Fold02_200x_PE_samples_SOAPDENOVO,0.50,341
Fold02_200x_PE_samples_SPADES,1.00,660
Fold02_200x_PE_samples_SPADES,0.99,656
Fold02_200x_PE_samples_SPADES,0.98,653
Fold02_200x_PE_samples_SPADES,0.97,651
Fold02_200x_PE_samples_SPADES,0.96,649
Fold02_200x_PE_samples_SPADES,0.95,647
Fold02_200x_PE_samples_SPADES,0.94,642
Fold02_200x_PE_samples_SPADES,0.93,633
Fold02_200x_PE_samples_SPADES,0.92,628
Fold02_200x_PE_samples_SPADES,0.91,619
Fold02_200x_PE_samples_SPADES,0.90,610
Fold02_200x_PE_samples_SPADES,0.80,503
Fold02_200x_PE_samples_SPADES,0.70,393
Fold02_200x_PE_samples_SPADES,0.60,337
Fold02_200x_PE_samples_SPADES,0.50,232
Fold02_200x_PE_samples_STRINGTIE,1.00,1450
Fold02_200x_PE_samples_STRINGTIE,0.99,1297
Fold02_200x_PE_samples_STRINGTIE,0.98,1209
Fold02_200x_PE_samples_STRINGTIE,0.97,1168
Fold02_200x_PE_samples_STRINGTIE,0.96,1129
Fold02_200x_PE_samples_STRINGTIE,0.95,1094
Fold02_200x_PE_samples_STRINGTIE,0.94,1055
Fold02_200x_PE_samples_STRINGTIE,0.93,1023
Fold02_200x_PE_samples_STRINGTIE,0.92,999
Fold02_200x_PE_samples_STRINGTIE,0.91,969
Fold02_200x_PE_samples_STRINGTIE,0.90,938
Fold02_200x_PE_samples_STRINGTIE,0.80,594
Fold02_200x_PE_samples_STRINGTIE,0.70,396
Fold02_200x_PE_samples_STRINGTIE,0.60,303
Fold02_200x_PE_samples_STRINGTIE,0.50,200
Fold02_200x_PE_samples_TRANSABBYS,1.00,2028
Fold02_200x_PE_samples_TRANSABBYS,0.99,1854
Fold02_200x_PE_samples_TRANSABBYS,0.98,1730
Fold02_200x_PE_samples_TRANSABBYS,0.97,1726
Fold02_200x_PE_samples_TRANSABBYS,0.96,1720
Fold02_200x_PE_samples_TRANSABBYS,0.95,1715
Fold02_200x_PE_samples_TRANSABBYS,0.94,1712
Fold02_200x_PE_samples_TRANSABBYS,0.93,1705
Fold02_200x_PE_samples_TRANSABBYS,0.92,1700
Fold02_200x_PE_samples_TRANSABBYS,0.91,1693
Fold02_200x_PE_samples_TRANSABBYS,0.90,1691
Fold02_200x_PE_samples_TRANSABBYS,0.80,1555
Fold02_200x_PE_samples_TRANSABBYS,0.70,1330
Fold02_200x_PE_samples_TRANSABBYS,0.60,1132
Fold02_200x_PE_samples_TRANSABBYS,0.50,653
Fold02_200x_PE_samples_TRINITY,1.00,1369
Fold02_200x_PE_samples_TRINITY,0.99,1338
Fold02_200x_PE_samples_TRINITY,0.98,1263
Fold02_200x_PE_samples_TRINITY,0.97,1190
Fold02_200x_PE_samples_TRINITY,0.96,1137
Fold02_200x_PE_samples_TRINITY,0.95,1084
Fold02_200x_PE_samples_TRINITY,0.94,1040
Fold02_200x_PE_samples_TRINITY,0.93,1021
Fold02_200x_PE_samples_TRINITY,0.92,987
Fold02_200x_PE_samples_TRINITY,0.91,958
Fold02_200x_PE_samples_TRINITY,0.90,943
Fold02_200x_PE_samples_TRINITY,0.80,717
Fold02_200x_PE_samples_TRINITY,0.70,550
Fold02_200x_PE_samples_TRINITY,0.60,476
Fold02_200x_PE_samples_TRINITY,0.50,343
Fold03_200x_PE_samples_BINPACKER,1.00,667
Fold03_200x_PE_samples_BINPACKER,0.99,576
Fold03_200x_PE_samples_BINPACKER,0.98,539
Fold03_200x_PE_samples_BINPACKER,0.97,520
Fold03_200x_PE_samples_BINPACKER,0.96,501
Fold03_200x_PE_samples_BINPACKER,0.95,494
Fold03_200x_PE_samples_BINPACKER,0.94,488
Fold03_200x_PE_samples_BINPACKER,0.93,477
Fold03_200x_PE_samples_BINPACKER,0.92,467
Fold03_200x_PE_samples_BINPACKER,0.91,458
Fold03_200x_PE_samples_BINPACKER,0.90,452
Fold03_200x_PE_samples_BINPACKER,0.80,428
Fold03_200x_PE_samples_BINPACKER,0.70,386
Fold03_200x_PE_samples_BINPACKER,0.60,336
Fold03_200x_PE_samples_BINPACKER,0.50,228
Fold03_200x_PE_samples_BRIDGER,1.00,535
Fold03_200x_PE_samples_BRIDGER,0.99,499
Fold03_200x_PE_samples_BRIDGER,0.98,472
Fold03_200x_PE_samples_BRIDGER,0.97,453
Fold03_200x_PE_samples_BRIDGER,0.96,435
Fold03_200x_PE_samples_BRIDGER,0.95,429
Fold03_200x_PE_samples_BRIDGER,0.94,420
Fold03_200x_PE_samples_BRIDGER,0.93,408
Fold03_200x_PE_samples_BRIDGER,0.92,400
Fold03_200x_PE_samples_BRIDGER,0.91,394
Fold03_200x_PE_samples_BRIDGER,0.90,391
Fold03_200x_PE_samples_BRIDGER,0.80,370
Fold03_200x_PE_samples_BRIDGER,0.70,337
Fold03_200x_PE_samples_BRIDGER,0.60,300
Fold03_200x_PE_samples_BRIDGER,0.50,204
Fold03_200x_PE_samples_CSTONE,1.00,314
Fold03_200x_PE_samples_CSTONE,0.99,281
Fold03_200x_PE_samples_CSTONE,0.98,274
Fold03_200x_PE_samples_CSTONE,0.97,270
Fold03_200x_PE_samples_CSTONE,0.96,270
Fold03_200x_PE_samples_CSTONE,0.95,267
Fold03_200x_PE_samples_CSTONE,0.94,267
Fold03_200x_PE_samples_CSTONE,0.93,265
Fold03_200x_PE_samples_CSTONE,0.92,264
Fold03_200x_PE_samples_CSTONE,0.91,264
Fold03_200x_PE_samples_CSTONE,0.90,264
Fold03_200x_PE_samples_CSTONE,0.80,257
Fold03_200x_PE_samples_CSTONE,0.70,233
Fold03_200x_PE_samples_CSTONE,0.60,213
Fold03_200x_PE_samples_CSTONE,0.50,149
Fold03_200x_PE_samples_IDBA,1.00,433
Fold03_200x_PE_samples_IDBA,0.99,433
Fold03_200x_PE_samples_IDBA,0.98,431
Fold03_200x_PE_samples_IDBA,0.97,426
Fold03_200x_PE_samples_IDBA,0.96,424
Fold03_200x_PE_samples_IDBA,0.95,423
Fold03_200x_PE_samples_IDBA,0.94,418
Fold03_200x_PE_samples_IDBA,0.93,417
Fold03_200x_PE_samples_IDBA,0.92,416
Fold03_200x_PE_samples_IDBA,0.91,411
Fold03_200x_PE_samples_IDBA,0.90,407
Fold03_200x_PE_samples_IDBA,0.80,321
Fold03_200x_PE_samples_IDBA,0.70,259
Fold03_200x_PE_samples_IDBA,0.60,231
Fold03_200x_PE_samples_IDBA,0.50,200
Fold03_200x_PE_samples_MEGAHIT,1.00,473
Fold03_200x_PE_samples_MEGAHIT,0.99,468
Fold03_200x_PE_samples_MEGAHIT,0.98,466
Fold03_200x_PE_samples_MEGAHIT,0.97,464
Fold03_200x_PE_samples_MEGAHIT,0.96,459
Fold03_200x_PE_samples_MEGAHIT,0.95,454
Fold03_200x_PE_samples_MEGAHIT,0.94,449
Fold03_200x_PE_samples_MEGAHIT,0.93,445
Fold03_200x_PE_samples_MEGAHIT,0.92,443
Fold03_200x_PE_samples_MEGAHIT,0.91,440
Fold03_200x_PE_samples_MEGAHIT,0.90,432
Fold03_200x_PE_samples_MEGAHIT,0.80,336
Fold03_200x_PE_samples_MEGAHIT,0.70,277
Fold03_200x_PE_samples_MEGAHIT,0.60,236
Fold03_200x_PE_samples_MEGAHIT,0.50,193
Fold03_200x_PE_samples_MERGEPIPE,1.00,173223
Fold03_200x_PE_samples_MERGEPIPE,0.99,126896
Fold03_200x_PE_samples_MERGEPIPE,0.98,91950
Fold03_200x_PE_samples_MERGEPIPE,0.97,75210
Fold03_200x_PE_samples_MERGEPIPE,0.96,67901
Fold03_200x_PE_samples_MERGEPIPE,0.95,64249
Fold03_200x_PE_samples_MERGEPIPE,0.94,61501
Fold03_200x_PE_samples_MERGEPIPE,0.93,59566
Fold03_200x_PE_samples_MERGEPIPE,0.92,57771
Fold03_200x_PE_samples_MERGEPIPE,0.91,56490
Fold03_200x_PE_samples_MERGEPIPE,0.90,55153
Fold03_200x_PE_samples_MERGEPIPE,0.80,64069
Fold03_200x_PE_samples_MERGEPIPE,0.70,56044
Fold03_200x_PE_samples_MERGEPIPE,0.60,52588
Fold03_200x_PE_samples_MERGEPIPE,0.50,46841
Fold03_200x_PE_samples_PLASS,1.00,171237
Fold03_200x_PE_samples_PLASS,0.99,124701
Fold03_200x_PE_samples_PLASS,0.98,90487
Fold03_200x_PE_samples_PLASS,0.97,73846
Fold03_200x_PE_samples_PLASS,0.96,66453
Fold03_200x_PE_samples_PLASS,0.95,63040
Fold03_200x_PE_samples_PLASS,0.94,60273
Fold03_200x_PE_samples_PLASS,0.93,58485
Fold03_200x_PE_samples_PLASS,0.92,56860
Fold03_200x_PE_samples_PLASS,0.91,55519
Fold03_200x_PE_samples_PLASS,0.90,54270
Fold03_200x_PE_samples_PLASS,0.80,63212
Fold03_200x_PE_samples_PLASS,0.70,55500
Fold03_200x_PE_samples_PLASS,0.60,51586
Fold03_200x_PE_samples_PLASS,0.50,46386
Fold03_200x_PE_samples_RNABLOOM,1.00,8
Fold03_200x_PE_samples_RNABLOOM,0.99,8
Fold03_200x_PE_samples_RNABLOOM,0.98,7
Fold03_200x_PE_samples_RNABLOOM,0.97,7
Fold03_200x_PE_samples_RNABLOOM,0.96,7
Fold03_200x_PE_samples_RNABLOOM,0.95,7
Fold03_200x_PE_samples_RNABLOOM,0.94,7
Fold03_200x_PE_samples_RNABLOOM,0.93,7
Fold03_200x_PE_samples_RNABLOOM,0.92,7
Fold03_200x_PE_samples_RNABLOOM,0.91,7
Fold03_200x_PE_samples_RNABLOOM,0.90,7
Fold03_200x_PE_samples_RNABLOOM,0.80,6
Fold03_200x_PE_samples_RNABLOOM,0.70,6
Fold03_200x_PE_samples_RNABLOOM,0.60,6
Fold03_200x_PE_samples_RNABLOOM,0.50,4
Fold03_200x_PE_samples_SOAPDENOVO,1.00,675
Fold03_200x_PE_samples_SOAPDENOVO,0.99,675
Fold03_200x_PE_samples_SOAPDENOVO,0.98,675
Fold03_200x_PE_samples_SOAPDENOVO,0.97,675
Fold03_200x_PE_samples_SOAPDENOVO,0.96,674
Fold03_200x_PE_samples_SOAPDENOVO,0.95,673
Fold03_200x_PE_samples_SOAPDENOVO,0.94,670
Fold03_200x_PE_samples_SOAPDENOVO,0.93,666
Fold03_200x_PE_samples_SOAPDENOVO,0.92,662
Fold03_200x_PE_samples_SOAPDENOVO,0.91,659
Fold03_200x_PE_samples_SOAPDENOVO,0.90,658
Fold03_200x_PE_samples_SOAPDENOVO,0.80,636
Fold03_200x_PE_samples_SOAPDENOVO,0.70,602
Fold03_200x_PE_samples_SOAPDENOVO,0.60,530
Fold03_200x_PE_samples_SOAPDENOVO,0.50,357
Fold03_200x_PE_samples_SPADES,1.00,680
Fold03_200x_PE_samples_SPADES,0.99,677
Fold03_200x_PE_samples_SPADES,0.98,674
Fold03_200x_PE_samples_SPADES,0.97,667
Fold03_200x_PE_samples_SPADES,0.96,662
Fold03_200x_PE_samples_SPADES,0.95,656
Fold03_200x_PE_samples_SPADES,0.94,654
Fold03_200x_PE_samples_SPADES,0.93,648
Fold03_200x_PE_samples_SPADES,0.92,637
Fold03_200x_PE_samples_SPADES,0.91,628
Fold03_200x_PE_samples_SPADES,0.90,619
Fold03_200x_PE_samples_SPADES,0.80,525
Fold03_200x_PE_samples_SPADES,0.70,415
Fold03_200x_PE_samples_SPADES,0.60,359
Fold03_200x_PE_samples_SPADES,0.50,245
Fold03_200x_PE_samples_STRINGTIE,1.00,1465
Fold03_200x_PE_samples_STRINGTIE,0.99,1319
Fold03_200x_PE_samples_STRINGTIE,0.98,1224
Fold03_200x_PE_samples_STRINGTIE,0.97,1165
Fold03_200x_PE_samples_STRINGTIE,0.96,1127
Fold03_200x_PE_samples_STRINGTIE,0.95,1095
Fold03_200x_PE_samples_STRINGTIE,0.94,1058
Fold03_200x_PE_samples_STRINGTIE,0.93,1024
Fold03_200x_PE_samples_STRINGTIE,0.92,1005
Fold03_200x_PE_samples_STRINGTIE,0.91,964
Fold03_200x_PE_samples_STRINGTIE,0.90,941
Fold03_200x_PE_samples_STRINGTIE,0.80,591
Fold03_200x_PE_samples_STRINGTIE,0.70,406
Fold03_200x_PE_samples_STRINGTIE,0.60,305
Fold03_200x_PE_samples_STRINGTIE,0.50,207
Fold03_200x_PE_samples_TRANSABBYS,1.00,2124
Fold03_200x_PE_samples_TRANSABBYS,0.99,1918
Fold03_200x_PE_samples_TRANSABBYS,0.98,1763
Fold03_200x_PE_samples_TRANSABBYS,0.97,1756
Fold03_200x_PE_samples_TRANSABBYS,0.96,1751
Fold03_200x_PE_samples_TRANSABBYS,0.95,1747
Fold03_200x_PE_samples_TRANSABBYS,0.94,1741
Fold03_200x_PE_samples_TRANSABBYS,0.93,1737
Fold03_200x_PE_samples_TRANSABBYS,0.92,1728
Fold03_200x_PE_samples_TRANSABBYS,0.91,1719
Fold03_200x_PE_samples_TRANSABBYS,0.90,1708
Fold03_200x_PE_samples_TRANSABBYS,0.80,1584
Fold03_200x_PE_samples_TRANSABBYS,0.70,1368
Fold03_200x_PE_samples_TRANSABBYS,0.60,1169
Fold03_200x_PE_samples_TRANSABBYS,0.50,696
Fold03_200x_PE_samples_TRINITY,1.00,1367
Fold03_200x_PE_samples_TRINITY,0.99,1342
Fold03_200x_PE_samples_TRINITY,0.98,1284
Fold03_200x_PE_samples_TRINITY,0.97,1196
Fold03_200x_PE_samples_TRINITY,0.96,1137
Fold03_200x_PE_samples_TRINITY,0.95,1105
Fold03_200x_PE_samples_TRINITY,0.94,1064
Fold03_200x_PE_samples_TRINITY,0.93,1028
Fold03_200x_PE_samples_TRINITY,0.92,1002
Fold03_200x_PE_samples_TRINITY,0.91,961
Fold03_200x_PE_samples_TRINITY,0.90,947
Fold03_200x_PE_samples_TRINITY,0.80,749
Fold03_200x_PE_samples_TRINITY,0.70,562
Fold03_200x_PE_samples_TRINITY,0.60,511
Fold03_200x_PE_samples_TRINITY,0.50,360
Fold04_200x_PE_samples_BINPACKER,1.00,637
Fold04_200x_PE_samples_BINPACKER,0.99,564
Fold04_200x_PE_samples_BINPACKER,0.98,531
Fold04_200x_PE_samples_BINPACKER,0.97,511
Fold04_200x_PE_samples_BINPACKER,0.96,496
Fold04_200x_PE_samples_BINPACKER,0.95,486
Fold04_200x_PE_samples_BINPACKER,0.94,474
Fold04_200x_PE_samples_BINPACKER,0.93,464
Fold04_200x_PE_samples_BINPACKER,0.92,459
Fold04_200x_PE_samples_BINPACKER,0.91,449
Fold04_200x_PE_samples_BINPACKER,0.90,441
Fold04_200x_PE_samples_BINPACKER,0.80,403
Fold04_200x_PE_samples_BINPACKER,0.70,360
Fold04_200x_PE_samples_BINPACKER,0.60,320
Fold04_200x_PE_samples_BINPACKER,0.50,232
Fold04_200x_PE_samples_BRIDGER,1.00,492
Fold04_200x_PE_samples_BRIDGER,0.99,474
Fold04_200x_PE_samples_BRIDGER,0.98,451
Fold04_200x_PE_samples_BRIDGER,0.97,437
Fold04_200x_PE_samples_BRIDGER,0.96,422
Fold04_200x_PE_samples_BRIDGER,0.95,411
Fold04_200x_PE_samples_BRIDGER,0.94,400
Fold04_200x_PE_samples_BRIDGER,0.93,394
Fold04_200x_PE_samples_BRIDGER,0.92,392
Fold04_200x_PE_samples_BRIDGER,0.91,384
Fold04_200x_PE_samples_BRIDGER,0.90,380
Fold04_200x_PE_samples_BRIDGER,0.80,345
Fold04_200x_PE_samples_BRIDGER,0.70,312
Fold04_200x_PE_samples_BRIDGER,0.60,278
Fold04_200x_PE_samples_BRIDGER,0.50,192
Fold04_200x_PE_samples_CSTONE,1.00,324
Fold04_200x_PE_samples_CSTONE,0.99,288
Fold04_200x_PE_samples_CSTONE,0.98,281
Fold04_200x_PE_samples_CSTONE,0.97,278
Fold04_200x_PE_samples_CSTONE,0.96,277
Fold04_200x_PE_samples_CSTONE,0.95,277
Fold04_200x_PE_samples_CSTONE,0.94,277
Fold04_200x_PE_samples_CSTONE,0.93,276
Fold04_200x_PE_samples_CSTONE,0.92,274
Fold04_200x_PE_samples_CSTONE,0.91,274
Fold04_200x_PE_samples_CSTONE,0.90,274
Fold04_200x_PE_samples_CSTONE,0.80,266
Fold04_200x_PE_samples_CSTONE,0.70,238
Fold04_200x_PE_samples_CSTONE,0.60,217
Fold04_200x_PE_samples_CSTONE,0.50,155
Fold04_200x_PE_samples_IDBA,1.00,428
Fold04_200x_PE_samples_IDBA,0.99,428
Fold04_200x_PE_samples_IDBA,0.98,425
Fold04_200x_PE_samples_IDBA,0.97,423
Fold04_200x_PE_samples_IDBA,0.96,421
Fold04_200x_PE_samples_IDBA,0.95,419
Fold04_200x_PE_samples_IDBA,0.94,415
Fold04_200x_PE_samples_IDBA,0.93,412
Fold04_200x_PE_samples_IDBA,0.92,409
Fold04_200x_PE_samples_IDBA,0.91,406
Fold04_200x_PE_samples_IDBA,0.90,398
Fold04_200x_PE_samples_IDBA,0.80,289
Fold04_200x_PE_samples_IDBA,0.70,235
Fold04_200x_PE_samples_IDBA,0.60,210
Fold04_200x_PE_samples_IDBA,0.50,182
Fold04_200x_PE_samples_MEGAHIT,1.00,472
Fold04_200x_PE_samples_MEGAHIT,0.99,462
Fold04_200x_PE_samples_MEGAHIT,0.98,457
Fold04_200x_PE_samples_MEGAHIT,0.97,451
Fold04_200x_PE_samples_MEGAHIT,0.96,449
Fold04_200x_PE_samples_MEGAHIT,0.95,446
Fold04_200x_PE_samples_MEGAHIT,0.94,442
Fold04_200x_PE_samples_MEGAHIT,0.93,439
Fold04_200x_PE_samples_MEGAHIT,0.92,435
Fold04_200x_PE_samples_MEGAHIT,0.91,431
Fold04_200x_PE_samples_MEGAHIT,0.90,422
Fold04_200x_PE_samples_MEGAHIT,0.80,322
Fold04_200x_PE_samples_MEGAHIT,0.70,256
Fold04_200x_PE_samples_MEGAHIT,0.60,230
Fold04_200x_PE_samples_MEGAHIT,0.50,182
Fold04_200x_PE_samples_MERGEPIPE,1.00,172479
Fold04_200x_PE_samples_MERGEPIPE,0.99,126514
Fold04_200x_PE_samples_MERGEPIPE,0.98,92330
Fold04_200x_PE_samples_MERGEPIPE,0.97,75757
Fold04_200x_PE_samples_MERGEPIPE,0.96,68376
Fold04_200x_PE_samples_MERGEPIPE,0.95,64825
Fold04_200x_PE_samples_MERGEPIPE,0.94,61878
Fold04_200x_PE_samples_MERGEPIPE,0.93,59776
Fold04_200x_PE_samples_MERGEPIPE,0.92,58052
Fold04_200x_PE_samples_MERGEPIPE,0.91,56644
Fold04_200x_PE_samples_MERGEPIPE,0.90,55379
Fold04_200x_PE_samples_MERGEPIPE,0.80,64210
Fold04_200x_PE_samples_MERGEPIPE,0.70,55353
Fold04_200x_PE_samples_MERGEPIPE,0.60,51573
Fold04_200x_PE_samples_MERGEPIPE,0.50,46356
Fold04_200x_PE_samples_PLASS,1.00,170403
Fold04_200x_PE_samples_PLASS,0.99,124028
Fold04_200x_PE_samples_PLASS,0.98,90818
Fold04_200x_PE_samples_PLASS,0.97,74407
Fold04_200x_PE_samples_PLASS,0.96,67362
Fold04_200x_PE_samples_PLASS,0.95,63770
Fold04_200x_PE_samples_PLASS,0.94,61023
Fold04_200x_PE_samples_PLASS,0.93,59002
Fold04_200x_PE_samples_PLASS,0.92,57252
Fold04_200x_PE_samples_PLASS,0.91,55888
Fold04_200x_PE_samples_PLASS,0.90,54601
Fold04_200x_PE_samples_PLASS,0.80,63446
Fold04_200x_PE_samples_PLASS,0.70,54750
Fold04_200x_PE_samples_PLASS,0.60,51021
Fold04_200x_PE_samples_PLASS,0.50,45493
Fold04_200x_PE_samples_RNABLOOM,1.00,7
Fold04_200x_PE_samples_RNABLOOM,0.99,7
Fold04_200x_PE_samples_RNABLOOM,0.98,7
Fold04_200x_PE_samples_RNABLOOM,0.97,7
Fold04_200x_PE_samples_RNABLOOM,0.96,7
Fold04_200x_PE_samples_RNABLOOM,0.95,7
Fold04_200x_PE_samples_RNABLOOM,0.94,7
Fold04_200x_PE_samples_RNABLOOM,0.93,7
Fold04_200x_PE_samples_RNABLOOM,0.92,7
Fold04_200x_PE_samples_RNABLOOM,0.91,7
Fold04_200x_PE_samples_RNABLOOM,0.90,7
Fold04_200x_PE_samples_RNABLOOM,0.80,7
Fold04_200x_PE_samples_RNABLOOM,0.70,7
Fold04_200x_PE_samples_RNABLOOM,0.60,7
Fold04_200x_PE_samples_RNABLOOM,0.50,6
Fold04_200x_PE_samples_SOAPDENOVO,1.00,681
Fold04_200x_PE_samples_SOAPDENOVO,0.99,681
Fold04_200x_PE_samples_SOAPDENOVO,0.98,681
Fold04_200x_PE_samples_SOAPDENOVO,0.97,681
Fold04_200x_PE_samples_SOAPDENOVO,0.96,680
Fold04_200x_PE_samples_SOAPDENOVO,0.95,680
Fold04_200x_PE_samples_SOAPDENOVO,0.94,678
Fold04_200x_PE_samples_SOAPDENOVO,0.93,677
Fold04_200x_PE_samples_SOAPDENOVO,0.92,671
Fold04_200x_PE_samples_SOAPDENOVO,0.91,665
Fold04_200x_PE_samples_SOAPDENOVO,0.90,663
Fold04_200x_PE_samples_SOAPDENOVO,0.80,636
Fold04_200x_PE_samples_SOAPDENOVO,0.70,589
Fold04_200x_PE_samples_SOAPDENOVO,0.60,529
Fold04_200x_PE_samples_SOAPDENOVO,0.50,359
Fold04_200x_PE_samples_SPADES,1.00,687
Fold04_200x_PE_samples_SPADES,0.99,680
Fold04_200x_PE_samples_SPADES,0.98,676
Fold04_200x_PE_samples_SPADES,0.97,673
Fold04_200x_PE_samples_SPADES,0.96,668
Fold04_200x_PE_samples_SPADES,0.95,665
Fold04_200x_PE_samples_SPADES,0.94,662
Fold04_200x_PE_samples_SPADES,0.93,657
Fold04_200x_PE_samples_SPADES,0.92,650
Fold04_200x_PE_samples_SPADES,0.91,643
Fold04_200x_PE_samples_SPADES,0.90,636
Fold04_200x_PE_samples_SPADES,0.80,510
Fold04_200x_PE_samples_SPADES,0.70,423
Fold04_200x_PE_samples_SPADES,0.60,358
Fold04_200x_PE_samples_SPADES,0.50,255
Fold04_200x_PE_samples_STRINGTIE,1.00,1457
Fold04_200x_PE_samples_STRINGTIE,0.99,1317
Fold04_200x_PE_samples_STRINGTIE,0.98,1219
Fold04_200x_PE_samples_STRINGTIE,0.97,1165
Fold04_200x_PE_samples_STRINGTIE,0.96,1117
Fold04_200x_PE_samples_STRINGTIE,0.95,1087
Fold04_200x_PE_samples_STRINGTIE,0.94,1046
Fold04_200x_PE_samples_STRINGTIE,0.93,1019
Fold04_200x_PE_samples_STRINGTIE,0.92,998
Fold04_200x_PE_samples_STRINGTIE,0.91,965
Fold04_200x_PE_samples_STRINGTIE,0.90,930
Fold04_200x_PE_samples_STRINGTIE,0.80,592
Fold04_200x_PE_samples_STRINGTIE,0.70,407
Fold04_200x_PE_samples_STRINGTIE,0.60,317
Fold04_200x_PE_samples_STRINGTIE,0.50,198
Fold04_200x_PE_samples_TRANSABBYS,1.00,2083
Fold04_200x_PE_samples_TRANSABBYS,0.99,1888
Fold04_200x_PE_samples_TRANSABBYS,0.98,1778
Fold04_200x_PE_samples_TRANSABBYS,0.97,1772
Fold04_200x_PE_samples_TRANSABBYS,0.96,1767
Fold04_200x_PE_samples_TRANSABBYS,0.95,1760
Fold04_200x_PE_samples_TRANSABBYS,0.94,1757
Fold04_200x_PE_samples_TRANSABBYS,0.93,1751
Fold04_200x_PE_samples_TRANSABBYS,0.92,1743
Fold04_200x_PE_samples_TRANSABBYS,0.91,1736
Fold04_200x_PE_samples_TRANSABBYS,0.90,1724
Fold04_200x_PE_samples_TRANSABBYS,0.80,1592
Fold04_200x_PE_samples_TRANSABBYS,0.70,1366
Fold04_200x_PE_samples_TRANSABBYS,0.60,1165
Fold04_200x_PE_samples_TRANSABBYS,0.50,671
Fold04_200x_PE_samples_TRINITY,1.00,1403
Fold04_200x_PE_samples_TRINITY,0.99,1377
Fold04_200x_PE_samples_TRINITY,0.98,1319
Fold04_200x_PE_samples_TRINITY,0.97,1228
Fold04_200x_PE_samples_TRINITY,0.96,1168
Fold04_200x_PE_samples_TRINITY,0.95,1124
Fold04_200x_PE_samples_TRINITY,0.94,1092
Fold04_200x_PE_samples_TRINITY,0.93,1064
Fold04_200x_PE_samples_TRINITY,0.92,1034
Fold04_200x_PE_samples_TRINITY,0.91,999
Fold04_200x_PE_samples_TRINITY,0.90,973
Fold04_200x_PE_samples_TRINITY,0.80,739
Fold04_200x_PE_samples_TRINITY,0.70,575
Fold04_200x_PE_samples_TRINITY,0.60,492
Fold04_200x_PE_samples_TRINITY,0.50,367
Fold05_200x_PE_samples_BINPACKER,1.00,672
Fold05_200x_PE_samples_BINPACKER,0.99,581
Fold05_200x_PE_samples_BINPACKER,0.98,548
Fold05_200x_PE_samples_BINPACKER,0.97,522
Fold05_200x_PE_samples_BINPACKER,0.96,505
Fold05_200x_PE_samples_BINPACKER,0.95,495
Fold05_200x_PE_samples_BINPACKER,0.94,485
Fold05_200x_PE_samples_BINPACKER,0.93,477
Fold05_200x_PE_samples_BINPACKER,0.92,468
Fold05_200x_PE_samples_BINPACKER,0.91,463
Fold05_200x_PE_samples_BINPACKER,0.90,459
Fold05_200x_PE_samples_BINPACKER,0.80,427
Fold05_200x_PE_samples_BINPACKER,0.70,391
Fold05_200x_PE_samples_BINPACKER,0.60,350
Fold05_200x_PE_samples_BINPACKER,0.50,245
Fold05_200x_PE_samples_BRIDGER,1.00,529
Fold05_200x_PE_samples_BRIDGER,0.99,488
Fold05_200x_PE_samples_BRIDGER,0.98,467
Fold05_200x_PE_samples_BRIDGER,0.97,449
Fold05_200x_PE_samples_BRIDGER,0.96,439
Fold05_200x_PE_samples_BRIDGER,0.95,430
Fold05_200x_PE_samples_BRIDGER,0.94,418
Fold05_200x_PE_samples_BRIDGER,0.93,408
Fold05_200x_PE_samples_BRIDGER,0.92,400
Fold05_200x_PE_samples_BRIDGER,0.91,395
Fold05_200x_PE_samples_BRIDGER,0.90,391
Fold05_200x_PE_samples_BRIDGER,0.80,368
Fold05_200x_PE_samples_BRIDGER,0.70,336
Fold05_200x_PE_samples_BRIDGER,0.60,301
Fold05_200x_PE_samples_BRIDGER,0.50,204
Fold05_200x_PE_samples_CSTONE,1.00,339
Fold05_200x_PE_samples_CSTONE,0.99,297
Fold05_200x_PE_samples_CSTONE,0.98,287
Fold05_200x_PE_samples_CSTONE,0.97,282
Fold05_200x_PE_samples_CSTONE,0.96,280
Fold05_200x_PE_samples_CSTONE,0.95,280
Fold05_200x_PE_samples_CSTONE,0.94,280
Fold05_200x_PE_samples_CSTONE,0.93,278
Fold05_200x_PE_samples_CSTONE,0.92,277
Fold05_200x_PE_samples_CSTONE,0.91,277
Fold05_200x_PE_samples_CSTONE,0.90,277
Fold05_200x_PE_samples_CSTONE,0.80,265
Fold05_200x_PE_samples_CSTONE,0.70,247
Fold05_200x_PE_samples_CSTONE,0.60,230
Fold05_200x_PE_samples_CSTONE,0.50,152
Fold05_200x_PE_samples_IDBA,1.00,416
Fold05_200x_PE_samples_IDBA,0.99,416
Fold05_200x_PE_samples_IDBA,0.98,415
Fold05_200x_PE_samples_IDBA,0.97,411
Fold05_200x_PE_samples_IDBA,0.96,408
Fold05_200x_PE_samples_IDBA,0.95,408
Fold05_200x_PE_samples_IDBA,0.94,406
Fold05_200x_PE_samples_IDBA,0.93,403
Fold05_200x_PE_samples_IDBA,0.92,402
Fold05_200x_PE_samples_IDBA,0.91,398
Fold05_200x_PE_samples_IDBA,0.90,396
Fold05_200x_PE_samples_IDBA,0.80,308
Fold05_200x_PE_samples_IDBA,0.70,256
Fold05_200x_PE_samples_IDBA,0.60,227
Fold05_200x_PE_samples_IDBA,0.50,194
Fold05_200x_PE_samples_MEGAHIT,1.00,462
Fold05_200x_PE_samples_MEGAHIT,0.99,458
Fold05_200x_PE_samples_MEGAHIT,0.98,455
Fold05_200x_PE_samples_MEGAHIT,0.97,454
Fold05_200x_PE_samples_MEGAHIT,0.96,450
Fold05_200x_PE_samples_MEGAHIT,0.95,444
Fold05_200x_PE_samples_MEGAHIT,0.94,440
Fold05_200x_PE_samples_MEGAHIT,0.93,439
Fold05_200x_PE_samples_MEGAHIT,0.92,438
Fold05_200x_PE_samples_MEGAHIT,0.91,433
Fold05_200x_PE_samples_MEGAHIT,0.90,430
Fold05_200x_PE_samples_MEGAHIT,0.80,316
Fold05_200x_PE_samples_MEGAHIT,0.70,254
Fold05_200x_PE_samples_MEGAHIT,0.60,227
Fold05_200x_PE_samples_MEGAHIT,0.50,187
Fold05_200x_PE_samples_MERGEPIPE,1.00,172000
Fold05_200x_PE_samples_MERGEPIPE,0.99,125127
Fold05_200x_PE_samples_MERGEPIPE,0.98,91121
Fold05_200x_PE_samples_MERGEPIPE,0.97,74323
Fold05_200x_PE_samples_MERGEPIPE,0.96,67041
Fold05_200x_PE_samples_MERGEPIPE,0.95,63228
Fold05_200x_PE_samples_MERGEPIPE,0.94,60460
Fold05_200x_PE_samples_MERGEPIPE,0.93,58689
Fold05_200x_PE_samples_MERGEPIPE,0.92,57131
Fold05_200x_PE_samples_MERGEPIPE,0.91,55557
Fold05_200x_PE_samples_MERGEPIPE,0.90,54423
Fold05_200x_PE_samples_MERGEPIPE,0.80,63504
Fold05_200x_PE_samples_MERGEPIPE,0.70,55148
Fold05_200x_PE_samples_MERGEPIPE,0.60,51942
Fold05_200x_PE_samples_MERGEPIPE,0.50,46151
Fold05_200x_PE_samples_PLASS,1.00,170041
Fold05_200x_PE_samples_PLASS,0.99,123104
Fold05_200x_PE_samples_PLASS,0.98,89478
Fold05_200x_PE_samples_PLASS,0.97,72880
Fold05_200x_PE_samples_PLASS,0.96,65779
Fold05_200x_PE_samples_PLASS,0.95,61916
Fold05_200x_PE_samples_PLASS,0.94,59366
Fold05_200x_PE_samples_PLASS,0.93,57658
Fold05_200x_PE_samples_PLASS,0.92,56036
Fold05_200x_PE_samples_PLASS,0.91,54816
Fold05_200x_PE_samples_PLASS,0.90,53449
Fold05_200x_PE_samples_PLASS,0.80,62626
Fold05_200x_PE_samples_PLASS,0.70,54673
Fold05_200x_PE_samples_PLASS,0.60,51474
Fold05_200x_PE_samples_PLASS,0.50,45471
Fold05_200x_PE_samples_RNABLOOM,1.00,2278
Fold05_200x_PE_samples_RNABLOOM,0.99,2185
Fold05_200x_PE_samples_RNABLOOM,0.98,2068
Fold05_200x_PE_samples_RNABLOOM,0.97,1940
Fold05_200x_PE_samples_RNABLOOM,0.96,1824
Fold05_200x_PE_samples_RNABLOOM,0.95,1766
Fold05_200x_PE_samples_RNABLOOM,0.94,1707
Fold05_200x_PE_samples_RNABLOOM,0.93,1673
Fold05_200x_PE_samples_RNABLOOM,0.92,1644
Fold05_200x_PE_samples_RNABLOOM,0.91,1598
Fold05_200x_PE_samples_RNABLOOM,0.90,1562
Fold05_200x_PE_samples_RNABLOOM,0.80,1186
Fold05_200x_PE_samples_RNABLOOM,0.70,877
Fold05_200x_PE_samples_RNABLOOM,0.60,755
Fold05_200x_PE_samples_RNABLOOM,0.50,589
Fold05_200x_PE_samples_SOAPDENOVO,1.00,685
Fold05_200x_PE_samples_SOAPDENOVO,0.99,685
Fold05_200x_PE_samples_SOAPDENOVO,0.98,685
Fold05_200x_PE_samples_SOAPDENOVO,0.97,685
Fold05_200x_PE_samples_SOAPDENOVO,0.96,684
Fold05_200x_PE_samples_SOAPDENOVO,0.95,683
Fold05_200x_PE_samples_SOAPDENOVO,0.94,681
Fold05_200x_PE_samples_SOAPDENOVO,0.93,680
Fold05_200x_PE_samples_SOAPDENOVO,0.92,676
Fold05_200x_PE_samples_SOAPDENOVO,0.91,668
Fold05_200x_PE_samples_SOAPDENOVO,0.90,665
Fold05_200x_PE_samples_SOAPDENOVO,0.80,636
Fold05_200x_PE_samples_SOAPDENOVO,0.70,585
Fold05_200x_PE_samples_SOAPDENOVO,0.60,527
Fold05_200x_PE_samples_SOAPDENOVO,0.50,369
Fold05_200x_PE_samples_SPADES,1.00,669
Fold05_200x_PE_samples_SPADES,0.99,663
Fold05_200x_PE_samples_SPADES,0.98,660
Fold05_200x_PE_samples_SPADES,0.97,653
Fold05_200x_PE_samples_SPADES,0.96,649
Fold05_200x_PE_samples_SPADES,0.95,642
Fold05_200x_PE_samples_SPADES,0.94,637
Fold05_200x_PE_samples_SPADES,0.93,630
Fold05_200x_PE_samples_SPADES,0.92,621
Fold05_200x_PE_samples_SPADES,0.91,612
Fold05_200x_PE_samples_SPADES,0.90,607
Fold05_200x_PE_samples_SPADES,0.80,510
Fold05_200x_PE_samples_SPADES,0.70,406
Fold05_200x_PE_samples_SPADES,0.60,347
Fold05_200x_PE_samples_SPADES,0.50,235
Fold05_200x_PE_samples_STRINGTIE,1.00,1459
Fold05_200x_PE_samples_STRINGTIE,0.99,1298
Fold05_200x_PE_samples_STRINGTIE,0.98,1220
Fold05_200x_PE_samples_STRINGTIE,0.97,1169
Fold05_200x_PE_samples_STRINGTIE,0.96,1132
Fold05_200x_PE_samples_STRINGTIE,0.95,1097
Fold05_200x_PE_samples_STRINGTIE,0.94,1058
Fold05_200x_PE_samples_STRINGTIE,0.93,1027
Fold05_200x_PE_samples_STRINGTIE,0.92,1005
Fold05_200x_PE_samples_STRINGTIE,0.91,972
Fold05_200x_PE_samples_STRINGTIE,0.90,948
Fold05_200x_PE_samples_STRINGTIE,0.80,601
Fold05_200x_PE_samples_STRINGTIE,0.70,410
Fold05_200x_PE_samples_STRINGTIE,0.60,332
Fold05_200x_PE_samples_STRINGTIE,0.50,210
Fold05_200x_PE_samples_TRANSABBYS,1.00,2082
Fold05_200x_PE_samples_TRANSABBYS,0.99,1857
Fold05_200x_PE_samples_TRANSABBYS,0.98,1738
Fold05_200x_PE_samples_TRANSABBYS,0.97,1726
Fold05_200x_PE_samples_TRANSABBYS,0.96,1719
Fold05_200x_PE_samples_TRANSABBYS,0.95,1715
Fold05_200x_PE_samples_TRANSABBYS,0.94,1712
Fold05_200x_PE_samples_TRANSABBYS,0.93,1707
Fold05_200x_PE_samples_TRANSABBYS,0.92,1699
Fold05_200x_PE_samples_TRANSABBYS,0.91,1696
Fold05_200x_PE_samples_TRANSABBYS,0.90,1684
Fold05_200x_PE_samples_TRANSABBYS,0.80,1552
Fold05_200x_PE_samples_TRANSABBYS,0.70,1329
Fold05_200x_PE_samples_TRANSABBYS,0.60,1128
Fold05_200x_PE_samples_TRANSABBYS,0.50,643
Fold05_200x_PE_samples_TRINITY,1.00,1402
Fold05_200x_PE_samples_TRINITY,0.99,1374
Fold05_200x_PE_samples_TRINITY,0.98,1311
Fold05_200x_PE_samples_TRINITY,0.97,1230
Fold05_200x_PE_samples_TRINITY,0.96,1180
Fold05_200x_PE_samples_TRINITY,0.95,1131
Fold05_200x_PE_samples_TRINITY,0.94,1086
Fold05_200x_PE_samples_TRINITY,0.93,1043
Fold05_200x_PE_samples_TRINITY,0.92,1017
Fold05_200x_PE_samples_TRINITY,0.91,982
Fold05_200x_PE_samples_TRINITY,0.90,963
Fold05_200x_PE_samples_TRINITY,0.80,742
Fold05_200x_PE_samples_TRINITY,0.70,569
Fold05_200x_PE_samples_TRINITY,0.60,487
Fold05_200x_PE_samples_TRINITY,0.50,352
Fold06_200x_PE_samples_BINPACKER,1.00,677
Fold06_200x_PE_samples_BINPACKER,0.99,578
Fold06_200x_PE_samples_BINPACKER,0.98,534
Fold06_200x_PE_samples_BINPACKER,0.97,508
Fold06_200x_PE_samples_BINPACKER,0.96,498
Fold06_200x_PE_samples_BINPACKER,0.95,482
Fold06_200x_PE_samples_BINPACKER,0.94,476
Fold06_200x_PE_samples_BINPACKER,0.93,467
Fold06_200x_PE_samples_BINPACKER,0.92,457
Fold06_200x_PE_samples_BINPACKER,0.91,452
Fold06_200x_PE_samples_BINPACKER,0.90,442
Fold06_200x_PE_samples_BINPACKER,0.80,403
Fold06_200x_PE_samples_BINPACKER,0.70,371
Fold06_200x_PE_samples_BINPACKER,0.60,330
Fold06_200x_PE_samples_BINPACKER,0.50,245
Fold06_200x_PE_samples_BRIDGER,1.00,505
Fold06_200x_PE_samples_BRIDGER,0.99,474
Fold06_200x_PE_samples_BRIDGER,0.98,446
Fold06_200x_PE_samples_BRIDGER,0.97,433
Fold06_200x_PE_samples_BRIDGER,0.96,421
Fold06_200x_PE_samples_BRIDGER,0.95,414
Fold06_200x_PE_samples_BRIDGER,0.94,407
Fold06_200x_PE_samples_BRIDGER,0.93,395
Fold06_200x_PE_samples_BRIDGER,0.92,386
Fold06_200x_PE_samples_BRIDGER,0.91,384
Fold06_200x_PE_samples_BRIDGER,0.90,380
Fold06_200x_PE_samples_BRIDGER,0.80,353
Fold06_200x_PE_samples_BRIDGER,0.70,327
Fold06_200x_PE_samples_BRIDGER,0.60,286
Fold06_200x_PE_samples_BRIDGER,0.50,215
Fold06_200x_PE_samples_CSTONE,1.00,326
Fold06_200x_PE_samples_CSTONE,0.99,297
Fold06_200x_PE_samples_CSTONE,0.98,287
Fold06_200x_PE_samples_CSTONE,0.97,282
Fold06_200x_PE_samples_CSTONE,0.96,282
Fold06_200x_PE_samples_CSTONE,0.95,281
Fold06_200x_PE_samples_CSTONE,0.94,280
Fold06_200x_PE_samples_CSTONE,0.93,279
Fold06_200x_PE_samples_CSTONE,0.92,278
Fold06_200x_PE_samples_CSTONE,0.91,278
Fold06_200x_PE_samples_CSTONE,0.90,277
Fold06_200x_PE_samples_CSTONE,0.80,265
Fold06_200x_PE_samples_CSTONE,0.70,248
Fold06_200x_PE_samples_CSTONE,0.60,224
Fold06_200x_PE_samples_CSTONE,0.50,165
Fold06_200x_PE_samples_IDBA,1.00,427
Fold06_200x_PE_samples_IDBA,0.99,427
Fold06_200x_PE_samples_IDBA,0.98,425
Fold06_200x_PE_samples_IDBA,0.97,422
Fold06_200x_PE_samples_IDBA,0.96,420
Fold06_200x_PE_samples_IDBA,0.95,417
Fold06_200x_PE_samples_IDBA,0.94,414
Fold06_200x_PE_samples_IDBA,0.93,410
Fold06_200x_PE_samples_IDBA,0.92,403
Fold06_200x_PE_samples_IDBA,0.91,401
Fold06_200x_PE_samples_IDBA,0.90,397
Fold06_200x_PE_samples_IDBA,0.80,304
Fold06_200x_PE_samples_IDBA,0.70,238
Fold06_200x_PE_samples_IDBA,0.60,211
Fold06_200x_PE_samples_IDBA,0.50,175
Fold06_200x_PE_samples_MEGAHIT,1.00,465
Fold06_200x_PE_samples_MEGAHIT,0.99,457
Fold06_200x_PE_samples_MEGAHIT,0.98,452
Fold06_200x_PE_samples_MEGAHIT,0.97,450
Fold06_200x_PE_samples_MEGAHIT,0.96,440
Fold06_200x_PE_samples_MEGAHIT,0.95,438
Fold06_200x_PE_samples_MEGAHIT,0.94,435
Fold06_200x_PE_samples_MEGAHIT,0.93,432
Fold06_200x_PE_samples_MEGAHIT,0.92,427
Fold06_200x_PE_samples_MEGAHIT,0.91,424
Fold06_200x_PE_samples_MEGAHIT,0.90,418
Fold06_200x_PE_samples_MEGAHIT,0.80,323
Fold06_200x_PE_samples_MEGAHIT,0.70,265
Fold06_200x_PE_samples_MEGAHIT,0.60,233
Fold06_200x_PE_samples_MEGAHIT,0.50,181
Fold06_200x_PE_samples_MERGEPIPE,1.00,173488
Fold06_200x_PE_samples_MERGEPIPE,0.99,126951
Fold06_200x_PE_samples_MERGEPIPE,0.98,92525
Fold06_200x_PE_samples_MERGEPIPE,0.97,75597
Fold06_200x_PE_samples_MERGEPIPE,0.96,67980
Fold06_200x_PE_samples_MERGEPIPE,0.95,63951
Fold06_200x_PE_samples_MERGEPIPE,0.94,61188
Fold06_200x_PE_samples_MERGEPIPE,0.93,59201
Fold06_200x_PE_samples_MERGEPIPE,0.92,57651
Fold06_200x_PE_samples_MERGEPIPE,0.91,56063
Fold06_200x_PE_samples_MERGEPIPE,0.90,54655
Fold06_200x_PE_samples_MERGEPIPE,0.80,64119
Fold06_200x_PE_samples_MERGEPIPE,0.70,56662
Fold06_200x_PE_samples_MERGEPIPE,0.60,53523
Fold06_200x_PE_samples_MERGEPIPE,0.50,47385
Fold06_200x_PE_samples_PLASS,1.00,171548
Fold06_200x_PE_samples_PLASS,0.99,124599
Fold06_200x_PE_samples_PLASS,0.98,90643
Fold06_200x_PE_samples_PLASS,0.97,74314
Fold06_200x_PE_samples_PLASS,0.96,66812
Fold06_200x_PE_samples_PLASS,0.95,63078
Fold06_200x_PE_samples_PLASS,0.94,60291
Fold06_200x_PE_samples_PLASS,0.93,58268
Fold06_200x_PE_samples_PLASS,0.92,56769
Fold06_200x_PE_samples_PLASS,0.91,55266
Fold06_200x_PE_samples_PLASS,0.90,53887
Fold06_200x_PE_samples_PLASS,0.80,63570
Fold06_200x_PE_samples_PLASS,0.70,55721
Fold06_200x_PE_samples_PLASS,0.60,52761
Fold06_200x_PE_samples_PLASS,0.50,46629
Fold06_200x_PE_samples_RNABLOOM,1.00,2267
Fold06_200x_PE_samples_RNABLOOM,0.99,2179
Fold06_200x_PE_samples_RNABLOOM,0.98,2059
Fold06_200x_PE_samples_RNABLOOM,0.97,1941
Fold06_200x_PE_samples_RNABLOOM,0.96,1836
Fold06_200x_PE_samples_RNABLOOM,0.95,1775
Fold06_200x_PE_samples_RNABLOOM,0.94,1727
Fold06_200x_PE_samples_RNABLOOM,0.93,1692
Fold06_200x_PE_samples_RNABLOOM,0.92,1666
Fold06_200x_PE_samples_RNABLOOM,0.91,1637
Fold06_200x_PE_samples_RNABLOOM,0.90,1595
Fold06_200x_PE_samples_RNABLOOM,0.80,1204
Fold06_200x_PE_samples_RNABLOOM,0.70,911
Fold06_200x_PE_samples_RNABLOOM,0.60,790
Fold06_200x_PE_samples_RNABLOOM,0.50,608
Fold06_200x_PE_samples_SOAPDENOVO,1.00,679
Fold06_200x_PE_samples_SOAPDENOVO,0.99,679
Fold06_200x_PE_samples_SOAPDENOVO,0.98,679
Fold06_200x_PE_samples_SOAPDENOVO,0.97,679
Fold06_200x_PE_samples_SOAPDENOVO,0.96,678
Fold06_200x_PE_samples_SOAPDENOVO,0.95,678
Fold06_200x_PE_samples_SOAPDENOVO,0.94,678
Fold06_200x_PE_samples_SOAPDENOVO,0.93,675
Fold06_200x_PE_samples_SOAPDENOVO,0.92,669
Fold06_200x_PE_samples_SOAPDENOVO,0.91,664
Fold06_200x_PE_samples_SOAPDENOVO,0.90,662
Fold06_200x_PE_samples_SOAPDENOVO,0.80,642
Fold06_200x_PE_samples_SOAPDENOVO,0.70,605
Fold06_200x_PE_samples_SOAPDENOVO,0.60,540
Fold06_200x_PE_samples_SOAPDENOVO,0.50,373
Fold06_200x_PE_samples_SPADES,1.00,660
Fold06_200x_PE_samples_SPADES,0.99,657
Fold06_200x_PE_samples_SPADES,0.98,649
Fold06_200x_PE_samples_SPADES,0.97,646
Fold06_200x_PE_samples_SPADES,0.96,642
Fold06_200x_PE_samples_SPADES,0.95,639
Fold06_200x_PE_samples_SPADES,0.94,637
Fold06_200x_PE_samples_SPADES,0.93,633
Fold06_200x_PE_samples_SPADES,0.92,629
Fold06_200x_PE_samples_SPADES,0.91,623
Fold06_200x_PE_samples_SPADES,0.90,613
Fold06_200x_PE_samples_SPADES,0.80,501
Fold06_200x_PE_samples_SPADES,0.70,406
Fold06_200x_PE_samples_SPADES,0.60,341
Fold06_200x_PE_samples_SPADES,0.50,228
Fold06_200x_PE_samples_STRINGTIE,1.00,1458
Fold06_200x_PE_samples_STRINGTIE,0.99,1312
Fold06_200x_PE_samples_STRINGTIE,0.98,1222
Fold06_200x_PE_samples_STRINGTIE,0.97,1159
Fold06_200x_PE_samples_STRINGTIE,0.96,1114
Fold06_200x_PE_samples_STRINGTIE,0.95,1089
Fold06_200x_PE_samples_STRINGTIE,0.94,1047
Fold06_200x_PE_samples_STRINGTIE,0.93,1017
Fold06_200x_PE_samples_STRINGTIE,0.92,1001
Fold06_200x_PE_samples_STRINGTIE,0.91,973
Fold06_200x_PE_samples_STRINGTIE,0.90,944
Fold06_200x_PE_samples_STRINGTIE,0.80,597
Fold06_200x_PE_samples_STRINGTIE,0.70,406
Fold06_200x_PE_samples_STRINGTIE,0.60,321
Fold06_200x_PE_samples_STRINGTIE,0.50,198
Fold06_200x_PE_samples_TRANSABBYS,1.00,2166
Fold06_200x_PE_samples_TRANSABBYS,0.99,1942
Fold06_200x_PE_samples_TRANSABBYS,0.98,1787
Fold06_200x_PE_samples_TRANSABBYS,0.97,1778
Fold06_200x_PE_samples_TRANSABBYS,0.96,1775
Fold06_200x_PE_samples_TRANSABBYS,0.95,1772
Fold06_200x_PE_samples_TRANSABBYS,0.94,1761
Fold06_200x_PE_samples_TRANSABBYS,0.93,1755
Fold06_200x_PE_samples_TRANSABBYS,0.92,1750
Fold06_200x_PE_samples_TRANSABBYS,0.91,1742
Fold06_200x_PE_samples_TRANSABBYS,0.90,1730
Fold06_200x_PE_samples_TRANSABBYS,0.80,1612
Fold06_200x_PE_samples_TRANSABBYS,0.70,1390
Fold06_200x_PE_samples_TRANSABBYS,0.60,1199
Fold06_200x_PE_samples_TRANSABBYS,0.50,688
Fold06_200x_PE_samples_TRINITY,1.00,1383
Fold06_200x_PE_samples_TRINITY,0.99,1346
Fold06_200x_PE_samples_TRINITY,0.98,1291
Fold06_200x_PE_samples_TRINITY,0.97,1210
Fold06_200x_PE_samples_TRINITY,0.96,1159
Fold06_200x_PE_samples_TRINITY,0.95,1120
Fold06_200x_PE_samples_TRINITY,0.94,1079
Fold06_200x_PE_samples_TRINITY,0.93,1048
Fold06_200x_PE_samples_TRINITY,0.92,1023
Fold06_200x_PE_samples_TRINITY,0.91,993
Fold06_200x_PE_samples_TRINITY,0.90,970
Fold06_200x_PE_samples_TRINITY,0.80,763
Fold06_200x_PE_samples_TRINITY,0.70,582
Fold06_200x_PE_samples_TRINITY,0.60,503
Fold06_200x_PE_samples_TRINITY,0.50,376
Fold07_200x_PE_samples_BINPACKER,1.00,631
Fold07_200x_PE_samples_BINPACKER,0.99,552
Fold07_200x_PE_samples_BINPACKER,0.98,508
Fold07_200x_PE_samples_BINPACKER,0.97,490
Fold07_200x_PE_samples_BINPACKER,0.96,473
Fold07_200x_PE_samples_BINPACKER,0.95,463
Fold07_200x_PE_samples_BINPACKER,0.94,452
Fold07_200x_PE_samples_BINPACKER,0.93,445
Fold07_200x_PE_samples_BINPACKER,0.92,437
Fold07_200x_PE_samples_BINPACKER,0.91,430
Fold07_200x_PE_samples_BINPACKER,0.90,422
Fold07_200x_PE_samples_BINPACKER,0.80,383
Fold07_200x_PE_samples_BINPACKER,0.70,359
Fold07_200x_PE_samples_BINPACKER,0.60,321
Fold07_200x_PE_samples_BINPACKER,0.50,245
Fold07_200x_PE_samples_BRIDGER,1.00,476
Fold07_200x_PE_samples_BRIDGER,0.99,442
Fold07_200x_PE_samples_BRIDGER,0.98,415
Fold07_200x_PE_samples_BRIDGER,0.97,401
Fold07_200x_PE_samples_BRIDGER,0.96,391
Fold07_200x_PE_samples_BRIDGER,0.95,388
Fold07_200x_PE_samples_BRIDGER,0.94,380
Fold07_200x_PE_samples_BRIDGER,0.93,374
Fold07_200x_PE_samples_BRIDGER,0.92,367
Fold07_200x_PE_samples_BRIDGER,0.91,361
Fold07_200x_PE_samples_BRIDGER,0.90,356
Fold07_200x_PE_samples_BRIDGER,0.80,324
Fold07_200x_PE_samples_BRIDGER,0.70,299
Fold07_200x_PE_samples_BRIDGER,0.60,267
Fold07_200x_PE_samples_BRIDGER,0.50,198
Fold07_200x_PE_samples_CSTONE,1.00,322
Fold07_200x_PE_samples_CSTONE,0.99,292
Fold07_200x_PE_samples_CSTONE,0.98,282
Fold07_200x_PE_samples_CSTONE,0.97,279
Fold07_200x_PE_samples_CSTONE,0.96,278
Fold07_200x_PE_samples_CSTONE,0.95,277
Fold07_200x_PE_samples_CSTONE,0.94,277
Fold07_200x_PE_samples_CSTONE,0.93,276
Fold07_200x_PE_samples_CSTONE,0.92,276
Fold07_200x_PE_samples_CSTONE,0.91,276
Fold07_200x_PE_samples_CSTONE,0.90,275
Fold07_200x_PE_samples_CSTONE,0.80,263
Fold07_200x_PE_samples_CSTONE,0.70,244
Fold07_200x_PE_samples_CSTONE,0.60,221
Fold07_200x_PE_samples_CSTONE,0.50,154
Fold07_200x_PE_samples_IDBA,1.00,425
Fold07_200x_PE_samples_IDBA,0.99,424
Fold07_200x_PE_samples_IDBA,0.98,424
Fold07_200x_PE_samples_IDBA,0.97,422
Fold07_200x_PE_samples_IDBA,0.96,418
Fold07_200x_PE_samples_IDBA,0.95,417
Fold07_200x_PE_samples_IDBA,0.94,416
Fold07_200x_PE_samples_IDBA,0.93,412
Fold07_200x_PE_samples_IDBA,0.92,409
Fold07_200x_PE_samples_IDBA,0.91,404
Fold07_200x_PE_samples_IDBA,0.90,399
Fold07_200x_PE_samples_IDBA,0.80,307
Fold07_200x_PE_samples_IDBA,0.70,251
Fold07_200x_PE_samples_IDBA,0.60,219
Fold07_200x_PE_samples_IDBA,0.50,175
Fold07_200x_PE_samples_MEGAHIT,1.00,460
Fold07_200x_PE_samples_MEGAHIT,0.99,457
Fold07_200x_PE_samples_MEGAHIT,0.98,454
Fold07_200x_PE_samples_MEGAHIT,0.97,453
Fold07_200x_PE_samples_MEGAHIT,0.96,449
Fold07_200x_PE_samples_MEGAHIT,0.95,446
Fold07_200x_PE_samples_MEGAHIT,0.94,440
Fold07_200x_PE_samples_MEGAHIT,0.93,435
Fold07_200x_PE_samples_MEGAHIT,0.92,433
Fold07_200x_PE_samples_MEGAHIT,0.91,431
Fold07_200x_PE_samples_MEGAHIT,0.90,423
Fold07_200x_PE_samples_MEGAHIT,0.80,316
Fold07_200x_PE_samples_MEGAHIT,0.70,249
Fold07_200x_PE_samples_MEGAHIT,0.60,217
Fold07_200x_PE_samples_MEGAHIT,0.50,186
Fold07_200x_PE_samples_MERGEPIPE,1.00,169330
Fold07_200x_PE_samples_MERGEPIPE,0.99,123424
Fold07_200x_PE_samples_MERGEPIPE,0.98,89206
Fold07_200x_PE_samples_MERGEPIPE,0.97,72727
Fold07_200x_PE_samples_MERGEPIPE,0.96,65613
Fold07_200x_PE_samples_MERGEPIPE,0.95,61861
Fold07_200x_PE_samples_MERGEPIPE,0.94,59257
Fold07_200x_PE_samples_MERGEPIPE,0.93,57497
Fold07_200x_PE_samples_MERGEPIPE,0.92,55916
Fold07_200x_PE_samples_MERGEPIPE,0.91,54495
Fold07_200x_PE_samples_MERGEPIPE,0.90,53151
Fold07_200x_PE_samples_MERGEPIPE,0.80,62569
Fold07_200x_PE_samples_MERGEPIPE,0.70,53913
Fold07_200x_PE_samples_MERGEPIPE,0.60,50249
Fold07_200x_PE_samples_MERGEPIPE,0.50,45117
Fold07_200x_PE_samples_PLASS,1.00,167402
Fold07_200x_PE_samples_PLASS,0.99,121166
Fold07_200x_PE_samples_PLASS,0.98,87617
Fold07_200x_PE_samples_PLASS,0.97,71355
Fold07_200x_PE_samples_PLASS,0.96,64417
Fold07_200x_PE_samples_PLASS,0.95,60931
Fold07_200x_PE_samples_PLASS,0.94,58338
Fold07_200x_PE_samples_PLASS,0.93,56626
Fold07_200x_PE_samples_PLASS,0.92,55153
Fold07_200x_PE_samples_PLASS,0.91,53717
Fold07_200x_PE_samples_PLASS,0.90,52197
Fold07_200x_PE_samples_PLASS,0.80,61795
Fold07_200x_PE_samples_PLASS,0.70,53221
Fold07_200x_PE_samples_PLASS,0.60,49553
Fold07_200x_PE_samples_PLASS,0.50,44434
Fold07_200x_PE_samples_RNABLOOM,1.00,2126
Fold07_200x_PE_samples_RNABLOOM,0.99,2064
Fold07_200x_PE_samples_RNABLOOM,0.98,1954
Fold07_200x_PE_samples_RNABLOOM,0.97,1833
Fold07_200x_PE_samples_RNABLOOM,0.96,1753
Fold07_200x_PE_samples_RNABLOOM,0.95,1695
Fold07_200x_PE_samples_RNABLOOM,0.94,1642
Fold07_200x_PE_samples_RNABLOOM,0.93,1613
Fold07_200x_PE_samples_RNABLOOM,0.92,1574
Fold07_200x_PE_samples_RNABLOOM,0.91,1529
Fold07_200x_PE_samples_RNABLOOM,0.90,1483
Fold07_200x_PE_samples_RNABLOOM,0.80,1120
Fold07_200x_PE_samples_RNABLOOM,0.70,836
Fold07_200x_PE_samples_RNABLOOM,0.60,709
Fold07_200x_PE_samples_RNABLOOM,0.50,559
Fold07_200x_PE_samples_SOAPDENOVO,1.00,686
Fold07_200x_PE_samples_SOAPDENOVO,0.99,686
Fold07_200x_PE_samples_SOAPDENOVO,0.98,686
Fold07_200x_PE_samples_SOAPDENOVO,0.97,685
Fold07_200x_PE_samples_SOAPDENOVO,0.96,684
Fold07_200x_PE_samples_SOAPDENOVO,0.95,684
Fold07_200x_PE_samples_SOAPDENOVO,0.94,683
Fold07_200x_PE_samples_SOAPDENOVO,0.93,680
Fold07_200x_PE_samples_SOAPDENOVO,0.92,674
Fold07_200x_PE_samples_SOAPDENOVO,0.91,671
Fold07_200x_PE_samples_SOAPDENOVO,0.90,669
Fold07_200x_PE_samples_SOAPDENOVO,0.80,640
Fold07_200x_PE_samples_SOAPDENOVO,0.70,593
Fold07_200x_PE_samples_SOAPDENOVO,0.60,520
Fold07_200x_PE_samples_SOAPDENOVO,0.50,342
Fold07_200x_PE_samples_SPADES,1.00,663
Fold07_200x_PE_samples_SPADES,0.99,661
Fold07_200x_PE_samples_SPADES,0.98,660
Fold07_200x_PE_samples_SPADES,0.97,656
Fold07_200x_PE_samples_SPADES,0.96,653
Fold07_200x_PE_samples_SPADES,0.95,648
Fold07_200x_PE_samples_SPADES,0.94,648
Fold07_200x_PE_samples_SPADES,0.93,644
Fold07_200x_PE_samples_SPADES,0.92,637
Fold07_200x_PE_samples_SPADES,0.91,629
Fold07_200x_PE_samples_SPADES,0.90,613
Fold07_200x_PE_samples_SPADES,0.80,504
Fold07_200x_PE_samples_SPADES,0.70,392
Fold07_200x_PE_samples_SPADES,0.60,333
Fold07_200x_PE_samples_SPADES,0.50,232
Fold07_200x_PE_samples_STRINGTIE,1.00,1456
Fold07_200x_PE_samples_STRINGTIE,0.99,1307
Fold07_200x_PE_samples_STRINGTIE,0.98,1217
Fold07_200x_PE_samples_STRINGTIE,0.97,1158
Fold07_200x_PE_samples_STRINGTIE,0.96,1125
Fold07_200x_PE_samples_STRINGTIE,0.95,1090
Fold07_200x_PE_samples_STRINGTIE,0.94,1056
Fold07_200x_PE_samples_STRINGTIE,0.93,1028
Fold07_200x_PE_samples_STRINGTIE,0.92,1003
Fold07_200x_PE_samples_STRINGTIE,0.91,969
Fold07_200x_PE_samples_STRINGTIE,0.90,939
Fold07_200x_PE_samples_STRINGTIE,0.80,605
Fold07_200x_PE_samples_STRINGTIE,0.70,402
Fold07_200x_PE_samples_STRINGTIE,0.60,318
Fold07_200x_PE_samples_STRINGTIE,0.50,214
Fold07_200x_PE_samples_TRANSABBYS,1.00,2101
Fold07_200x_PE_samples_TRANSABBYS,0.99,1890
Fold07_200x_PE_samples_TRANSABBYS,0.98,1769
Fold07_200x_PE_samples_TRANSABBYS,0.97,1762
Fold07_200x_PE_samples_TRANSABBYS,0.96,1754
Fold07_200x_PE_samples_TRANSABBYS,0.95,1751
Fold07_200x_PE_samples_TRANSABBYS,0.94,1744
Fold07_200x_PE_samples_TRANSABBYS,0.93,1737
Fold07_200x_PE_samples_TRANSABBYS,0.92,1730
Fold07_200x_PE_samples_TRANSABBYS,0.91,1720
Fold07_200x_PE_samples_TRANSABBYS,0.90,1706
Fold07_200x_PE_samples_TRANSABBYS,0.80,1576
Fold07_200x_PE_samples_TRANSABBYS,0.70,1372
Fold07_200x_PE_samples_TRANSABBYS,0.60,1147
Fold07_200x_PE_samples_TRANSABBYS,0.50,675
Fold07_200x_PE_samples_TRINITY,1.00,1372
Fold07_200x_PE_samples_TRINITY,0.99,1347
Fold07_200x_PE_samples_TRINITY,0.98,1282
Fold07_200x_PE_samples_TRINITY,0.97,1205
Fold07_200x_PE_samples_TRINITY,0.96,1153
Fold07_200x_PE_samples_TRINITY,0.95,1103
Fold07_200x_PE_samples_TRINITY,0.94,1067
Fold07_200x_PE_samples_TRINITY,0.93,1033
Fold07_200x_PE_samples_TRINITY,0.92,1017
Fold07_200x_PE_samples_TRINITY,0.91,985
Fold07_200x_PE_samples_TRINITY,0.90,965
Fold07_200x_PE_samples_TRINITY,0.80,730
Fold07_200x_PE_samples_TRINITY,0.70,578
Fold07_200x_PE_samples_TRINITY,0.60,480
Fold07_200x_PE_samples_TRINITY,0.50,376
Fold08_200x_PE_samples_BINPACKER,1.00,698
Fold08_200x_PE_samples_BINPACKER,0.99,588
Fold08_200x_PE_samples_BINPACKER,0.98,551
Fold08_200x_PE_samples_BINPACKER,0.97,532
Fold08_200x_PE_samples_BINPACKER,0.96,515
Fold08_200x_PE_samples_BINPACKER,0.95,504
Fold08_200x_PE_samples_BINPACKER,0.94,489
Fold08_200x_PE_samples_BINPACKER,0.93,483
Fold08_200x_PE_samples_BINPACKER,0.92,470
Fold08_200x_PE_samples_BINPACKER,0.91,462
Fold08_200x_PE_samples_BINPACKER,0.90,458
Fold08_200x_PE_samples_BINPACKER,0.80,413
Fold08_200x_PE_samples_BINPACKER,0.70,371
Fold08_200x_PE_samples_BINPACKER,0.60,332
Fold08_200x_PE_samples_BINPACKER,0.50,236
Fold08_200x_PE_samples_BRIDGER,1.00,507
Fold08_200x_PE_samples_BRIDGER,0.99,470
Fold08_200x_PE_samples_BRIDGER,0.98,450
Fold08_200x_PE_samples_BRIDGER,0.97,437
Fold08_200x_PE_samples_BRIDGER,0.96,423
Fold08_200x_PE_samples_BRIDGER,0.95,414
Fold08_200x_PE_samples_BRIDGER,0.94,407
Fold08_200x_PE_samples_BRIDGER,0.93,398
Fold08_200x_PE_samples_BRIDGER,0.92,391
Fold08_200x_PE_samples_BRIDGER,0.91,385
Fold08_200x_PE_samples_BRIDGER,0.90,380
Fold08_200x_PE_samples_BRIDGER,0.80,351
Fold08_200x_PE_samples_BRIDGER,0.70,317
Fold08_200x_PE_samples_BRIDGER,0.60,278
Fold08_200x_PE_samples_BRIDGER,0.50,199
Fold08_200x_PE_samples_CSTONE,1.00,312
Fold08_200x_PE_samples_CSTONE,0.99,280
Fold08_200x_PE_samples_CSTONE,0.98,274
Fold08_200x_PE_samples_CSTONE,0.97,270
Fold08_200x_PE_samples_CSTONE,0.96,269
Fold08_200x_PE_samples_CSTONE,0.95,267
Fold08_200x_PE_samples_CSTONE,0.94,264
Fold08_200x_PE_samples_CSTONE,0.93,263
Fold08_200x_PE_samples_CSTONE,0.92,262
Fold08_200x_PE_samples_CSTONE,0.91,262
Fold08_200x_PE_samples_CSTONE,0.90,261
Fold08_200x_PE_samples_CSTONE,0.80,250
Fold08_200x_PE_samples_CSTONE,0.70,231
Fold08_200x_PE_samples_CSTONE,0.60,211
Fold08_200x_PE_samples_CSTONE,0.50,148
Fold08_200x_PE_samples_IDBA,1.00,424
Fold08_200x_PE_samples_IDBA,0.99,423
Fold08_200x_PE_samples_IDBA,0.98,420
Fold08_200x_PE_samples_IDBA,0.97,416
Fold08_200x_PE_samples_IDBA,0.96,413
Fold08_200x_PE_samples_IDBA,0.95,411
Fold08_200x_PE_samples_IDBA,0.94,405
Fold08_200x_PE_samples_IDBA,0.93,404
Fold08_200x_PE_samples_IDBA,0.92,403
Fold08_200x_PE_samples_IDBA,0.91,400
Fold08_200x_PE_samples_IDBA,0.90,395
Fold08_200x_PE_samples_IDBA,0.80,295
Fold08_200x_PE_samples_IDBA,0.70,240
Fold08_200x_PE_samples_IDBA,0.60,211
Fold08_200x_PE_samples_IDBA,0.50,176
Fold08_200x_PE_samples_MEGAHIT,1.00,450
Fold08_200x_PE_samples_MEGAHIT,0.99,447
Fold08_200x_PE_samples_MEGAHIT,0.98,443
Fold08_200x_PE_samples_MEGAHIT,0.97,442
Fold08_200x_PE_samples_MEGAHIT,0.96,438
Fold08_200x_PE_samples_MEGAHIT,0.95,433
Fold08_200x_PE_samples_MEGAHIT,0.94,429
Fold08_200x_PE_samples_MEGAHIT,0.93,425
Fold08_200x_PE_samples_MEGAHIT,0.92,421
Fold08_200x_PE_samples_MEGAHIT,0.91,421
Fold08_200x_PE_samples_MEGAHIT,0.90,415
Fold08_200x_PE_samples_MEGAHIT,0.80,308
Fold08_200x_PE_samples_MEGAHIT,0.70,251
Fold08_200x_PE_samples_MEGAHIT,0.60,226
Fold08_200x_PE_samples_MEGAHIT,0.50,178
Fold08_200x_PE_samples_MERGEPIPE,1.00,171106
Fold08_200x_PE_samples_MERGEPIPE,0.99,124616
Fold08_200x_PE_samples_MERGEPIPE,0.98,89919
Fold08_200x_PE_samples_MERGEPIPE,0.97,73558
Fold08_200x_PE_samples_MERGEPIPE,0.96,66556
Fold08_200x_PE_samples_MERGEPIPE,0.95,63065
Fold08_200x_PE_samples_MERGEPIPE,0.94,60169
Fold08_200x_PE_samples_MERGEPIPE,0.93,58468
Fold08_200x_PE_samples_MERGEPIPE,0.92,56963
Fold08_200x_PE_samples_MERGEPIPE,0.91,55548
Fold08_200x_PE_samples_MERGEPIPE,0.90,54097
Fold08_200x_PE_samples_MERGEPIPE,0.80,63333
Fold08_200x_PE_samples_MERGEPIPE,0.70,55266
Fold08_200x_PE_samples_MERGEPIPE,0.60,51329
Fold08_200x_PE_samples_MERGEPIPE,0.50,45568
Fold08_200x_PE_samples_PLASS,1.00,169147
Fold08_200x_PE_samples_PLASS,0.99,122598
Fold08_200x_PE_samples_PLASS,0.98,88358
Fold08_200x_PE_samples_PLASS,0.97,72243
Fold08_200x_PE_samples_PLASS,0.96,65377
Fold08_200x_PE_samples_PLASS,0.95,61869
Fold08_200x_PE_samples_PLASS,0.94,59148
Fold08_200x_PE_samples_PLASS,0.93,57518
Fold08_200x_PE_samples_PLASS,0.92,56054
Fold08_200x_PE_samples_PLASS,0.91,54779
Fold08_200x_PE_samples_PLASS,0.90,53391
Fold08_200x_PE_samples_PLASS,0.80,62401
Fold08_200x_PE_samples_PLASS,0.70,54667
Fold08_200x_PE_samples_PLASS,0.60,50976
Fold08_200x_PE_samples_PLASS,0.50,44822
Fold08_200x_PE_samples_RNABLOOM,1.00,2145
Fold08_200x_PE_samples_RNABLOOM,0.99,2046
Fold08_200x_PE_samples_RNABLOOM,0.98,1964
Fold08_200x_PE_samples_RNABLOOM,0.97,1852
Fold08_200x_PE_samples_RNABLOOM,0.96,1752
Fold08_200x_PE_samples_RNABLOOM,0.95,1693
Fold08_200x_PE_samples_RNABLOOM,0.94,1649
Fold08_200x_PE_samples_RNABLOOM,0.93,1607
Fold08_200x_PE_samples_RNABLOOM,0.92,1571
Fold08_200x_PE_samples_RNABLOOM,0.91,1531
Fold08_200x_PE_samples_RNABLOOM,0.90,1491
Fold08_200x_PE_samples_RNABLOOM,0.80,1139
Fold08_200x_PE_samples_RNABLOOM,0.70,838
Fold08_200x_PE_samples_RNABLOOM,0.60,720
Fold08_200x_PE_samples_RNABLOOM,0.50,547
Fold08_200x_PE_samples_SOAPDENOVO,1.00,668
Fold08_200x_PE_samples_SOAPDENOVO,0.99,668
Fold08_200x_PE_samples_SOAPDENOVO,0.98,668
Fold08_200x_PE_samples_SOAPDENOVO,0.97,668
Fold08_200x_PE_samples_SOAPDENOVO,0.96,667
Fold08_200x_PE_samples_SOAPDENOVO,0.95,667
Fold08_200x_PE_samples_SOAPDENOVO,0.94,665
Fold08_200x_PE_samples_SOAPDENOVO,0.93,663
Fold08_200x_PE_samples_SOAPDENOVO,0.92,659
Fold08_200x_PE_samples_SOAPDENOVO,0.91,653
Fold08_200x_PE_samples_SOAPDENOVO,0.90,650
Fold08_200x_PE_samples_SOAPDENOVO,0.80,621
Fold08_200x_PE_samples_SOAPDENOVO,0.70,567
Fold08_200x_PE_samples_SOAPDENOVO,0.60,512
Fold08_200x_PE_samples_SOAPDENOVO,0.50,343
Fold08_200x_PE_samples_SPADES,1.00,651
Fold08_200x_PE_samples_SPADES,0.99,651
Fold08_200x_PE_samples_SPADES,0.98,643
Fold08_200x_PE_samples_SPADES,0.97,639
Fold08_200x_PE_samples_SPADES,0.96,638
Fold08_200x_PE_samples_SPADES,0.95,637
Fold08_200x_PE_samples_SPADES,0.94,635
Fold08_200x_PE_samples_SPADES,0.93,630
Fold08_200x_PE_samples_SPADES,0.92,622
Fold08_200x_PE_samples_SPADES,0.91,618
Fold08_200x_PE_samples_SPADES,0.90,607
Fold08_200x_PE_samples_SPADES,0.80,507
Fold08_200x_PE_samples_SPADES,0.70,418
Fold08_200x_PE_samples_SPADES,0.60,354
Fold08_200x_PE_samples_SPADES,0.50,246
Fold08_200x_PE_samples_STRINGTIE,1.00,1461
Fold08_200x_PE_samples_STRINGTIE,0.99,1311
Fold08_200x_PE_samples_STRINGTIE,0.98,1217
Fold08_200x_PE_samples_STRINGTIE,0.97,1157
Fold08_200x_PE_samples_STRINGTIE,0.96,1115
Fold08_200x_PE_samples_STRINGTIE,0.95,1087
Fold08_200x_PE_samples_STRINGTIE,0.94,1050
Fold08_200x_PE_samples_STRINGTIE,0.93,1022
Fold08_200x_PE_samples_STRINGTIE,0.92,998
Fold08_200x_PE_samples_STRINGTIE,0.91,974
Fold08_200x_PE_samples_STRINGTIE,0.90,941
Fold08_200x_PE_samples_STRINGTIE,0.80,593
Fold08_200x_PE_samples_STRINGTIE,0.70,410
Fold08_200x_PE_samples_STRINGTIE,0.60,314
Fold08_200x_PE_samples_STRINGTIE,0.50,220
Fold08_200x_PE_samples_TRANSABBYS,1.00,2116
Fold08_200x_PE_samples_TRANSABBYS,0.99,1888
Fold08_200x_PE_samples_TRANSABBYS,0.98,1767
Fold08_200x_PE_samples_TRANSABBYS,0.97,1755
Fold08_200x_PE_samples_TRANSABBYS,0.96,1751
Fold08_200x_PE_samples_TRANSABBYS,0.95,1749
Fold08_200x_PE_samples_TRANSABBYS,0.94,1742
Fold08_200x_PE_samples_TRANSABBYS,0.93,1732
Fold08_200x_PE_samples_TRANSABBYS,0.92,1725
Fold08_200x_PE_samples_TRANSABBYS,0.91,1719
Fold08_200x_PE_samples_TRANSABBYS,0.90,1711
Fold08_200x_PE_samples_TRANSABBYS,0.80,1581
Fold08_200x_PE_samples_TRANSABBYS,0.70,1339
Fold08_200x_PE_samples_TRANSABBYS,0.60,1154
Fold08_200x_PE_samples_TRANSABBYS,0.50,686
Fold08_200x_PE_samples_TRINITY,1.00,1380
Fold08_200x_PE_samples_TRINITY,0.99,1341
Fold08_200x_PE_samples_TRINITY,0.98,1289
Fold08_200x_PE_samples_TRINITY,0.97,1207
Fold08_200x_PE_samples_TRINITY,0.96,1152
Fold08_200x_PE_samples_TRINITY,0.95,1104
Fold08_200x_PE_samples_TRINITY,0.94,1067
Fold08_200x_PE_samples_TRINITY,0.93,1036
Fold08_200x_PE_samples_TRINITY,0.92,1016
Fold08_200x_PE_samples_TRINITY,0.91,987
Fold08_200x_PE_samples_TRINITY,0.90,952
Fold08_200x_PE_samples_TRINITY,0.80,709
Fold08_200x_PE_samples_TRINITY,0.70,559
Fold08_200x_PE_samples_TRINITY,0.60,489
Fold08_200x_PE_samples_TRINITY,0.50,375
Fold09_200x_PE_samples_BINPACKER,1.00,725
Fold09_200x_PE_samples_BINPACKER,0.99,614
Fold09_200x_PE_samples_BINPACKER,0.98,562
Fold09_200x_PE_samples_BINPACKER,0.97,540
Fold09_200x_PE_samples_BINPACKER,0.96,522
Fold09_200x_PE_samples_BINPACKER,0.95,508
Fold09_200x_PE_samples_BINPACKER,0.94,500
Fold09_200x_PE_samples_BINPACKER,0.93,489
Fold09_200x_PE_samples_BINPACKER,0.92,480
Fold09_200x_PE_samples_BINPACKER,0.91,473
Fold09_200x_PE_samples_BINPACKER,0.90,466
Fold09_200x_PE_samples_BINPACKER,0.80,421
Fold09_200x_PE_samples_BINPACKER,0.70,387
Fold09_200x_PE_samples_BINPACKER,0.60,359
Fold09_200x_PE_samples_BINPACKER,0.50,263
Fold09_200x_PE_samples_BRIDGER,1.00,520
Fold09_200x_PE_samples_BRIDGER,0.99,482
Fold09_200x_PE_samples_BRIDGER,0.98,449
Fold09_200x_PE_samples_BRIDGER,0.97,437
Fold09_200x_PE_samples_BRIDGER,0.96,432
Fold09_200x_PE_samples_BRIDGER,0.95,424
Fold09_200x_PE_samples_BRIDGER,0.94,413
Fold09_200x_PE_samples_BRIDGER,0.93,405
Fold09_200x_PE_samples_BRIDGER,0.92,397
Fold09_200x_PE_samples_BRIDGER,0.91,393
Fold09_200x_PE_samples_BRIDGER,0.90,389
Fold09_200x_PE_samples_BRIDGER,0.80,359
Fold09_200x_PE_samples_BRIDGER,0.70,336
Fold09_200x_PE_samples_BRIDGER,0.60,306
Fold09_200x_PE_samples_BRIDGER,0.50,217
Fold09_200x_PE_samples_CSTONE,1.00,316
Fold09_200x_PE_samples_CSTONE,0.99,286
Fold09_200x_PE_samples_CSTONE,0.98,280
Fold09_200x_PE_samples_CSTONE,0.97,277
Fold09_200x_PE_samples_CSTONE,0.96,276
Fold09_200x_PE_samples_CSTONE,0.95,274
Fold09_200x_PE_samples_CSTONE,0.94,274
Fold09_200x_PE_samples_CSTONE,0.93,273
Fold09_200x_PE_samples_CSTONE,0.92,272
Fold09_200x_PE_samples_CSTONE,0.91,272
Fold09_200x_PE_samples_CSTONE,0.90,271
Fold09_200x_PE_samples_CSTONE,0.80,258
Fold09_200x_PE_samples_CSTONE,0.70,243
Fold09_200x_PE_samples_CSTONE,0.60,222
Fold09_200x_PE_samples_CSTONE,0.50,148
Fold09_200x_PE_samples_IDBA,1.00,446
Fold09_200x_PE_samples_IDBA,0.99,446
Fold09_200x_PE_samples_IDBA,0.98,443
Fold09_200x_PE_samples_IDBA,0.97,440
Fold09_200x_PE_samples_IDBA,0.96,435
Fold09_200x_PE_samples_IDBA,0.95,433
Fold09_200x_PE_samples_IDBA,0.94,431
Fold09_200x_PE_samples_IDBA,0.93,430
Fold09_200x_PE_samples_IDBA,0.92,428
Fold09_200x_PE_samples_IDBA,0.91,427
Fold09_200x_PE_samples_IDBA,0.90,418
Fold09_200x_PE_samples_IDBA,0.80,316
Fold09_200x_PE_samples_IDBA,0.70,257
Fold09_200x_PE_samples_IDBA,0.60,227
Fold09_200x_PE_samples_IDBA,0.50,190
Fold09_200x_PE_samples_MEGAHIT,1.00,476
Fold09_200x_PE_samples_MEGAHIT,0.99,472
Fold09_200x_PE_samples_MEGAHIT,0.98,470
Fold09_200x_PE_samples_MEGAHIT,0.97,468
Fold09_200x_PE_samples_MEGAHIT,0.96,464
Fold09_200x_PE_samples_MEGAHIT,0.95,459
Fold09_200x_PE_samples_MEGAHIT,0.94,453
Fold09_200x_PE_samples_MEGAHIT,0.93,449
Fold09_200x_PE_samples_MEGAHIT,0.92,447
Fold09_200x_PE_samples_MEGAHIT,0.91,446
Fold09_200x_PE_samples_MEGAHIT,0.90,440
Fold09_200x_PE_samples_MEGAHIT,0.80,331
Fold09_200x_PE_samples_MEGAHIT,0.70,261
Fold09_200x_PE_samples_MEGAHIT,0.60,231
Fold09_200x_PE_samples_MEGAHIT,0.50,189
Fold09_200x_PE_samples_MERGEPIPE,1.00,173664
Fold09_200x_PE_samples_MERGEPIPE,0.99,126819
Fold09_200x_PE_samples_MERGEPIPE,0.98,92309
Fold09_200x_PE_samples_MERGEPIPE,0.97,75779
Fold09_200x_PE_samples_MERGEPIPE,0.96,68305
Fold09_200x_PE_samples_MERGEPIPE,0.95,64456
Fold09_200x_PE_samples_MERGEPIPE,0.94,61747
Fold09_200x_PE_samples_MERGEPIPE,0.93,59786
Fold09_200x_PE_samples_MERGEPIPE,0.92,58230
Fold09_200x_PE_samples_MERGEPIPE,0.91,56746
Fold09_200x_PE_samples_MERGEPIPE,0.90,55452
Fold09_200x_PE_samples_MERGEPIPE,0.80,63910
Fold09_200x_PE_samples_MERGEPIPE,0.70,55436
Fold09_200x_PE_samples_MERGEPIPE,0.60,52146
Fold09_200x_PE_samples_MERGEPIPE,0.50,46705
Fold09_200x_PE_samples_PLASS,1.00,171684
Fold09_200x_PE_samples_PLASS,0.99,124605
Fold09_200x_PE_samples_PLASS,0.98,90565
Fold09_200x_PE_samples_PLASS,0.97,74220
Fold09_200x_PE_samples_PLASS,0.96,67127
Fold09_200x_PE_samples_PLASS,0.95,63351
Fold09_200x_PE_samples_PLASS,0.94,60662
Fold09_200x_PE_samples_PLASS,0.93,58858
Fold09_200x_PE_samples_PLASS,0.92,57482
Fold09_200x_PE_samples_PLASS,0.91,55778
Fold09_200x_PE_samples_PLASS,0.90,54560
Fold09_200x_PE_samples_PLASS,0.80,63346
Fold09_200x_PE_samples_PLASS,0.70,54473
Fold09_200x_PE_samples_PLASS,0.60,51299
Fold09_200x_PE_samples_PLASS,0.50,46202
Fold09_200x_PE_samples_RNABLOOM,1.00,8
Fold09_200x_PE_samples_RNABLOOM,0.99,8
Fold09_200x_PE_samples_RNABLOOM,0.98,8
Fold09_200x_PE_samples_RNABLOOM,0.97,8
Fold09_200x_PE_samples_RNABLOOM,0.96,8
Fold09_200x_PE_samples_RNABLOOM,0.95,8
Fold09_200x_PE_samples_RNABLOOM,0.94,8
Fold09_200x_PE_samples_RNABLOOM,0.93,8
Fold09_200x_PE_samples_RNABLOOM,0.92,8
Fold09_200x_PE_samples_RNABLOOM,0.91,8
Fold09_200x_PE_samples_RNABLOOM,0.90,8
Fold09_200x_PE_samples_RNABLOOM,0.80,7
Fold09_200x_PE_samples_RNABLOOM,0.70,7
Fold09_200x_PE_samples_RNABLOOM,0.60,7
Fold09_200x_PE_samples_RNABLOOM,0.50,6
Fold09_200x_PE_samples_SOAPDENOVO,1.00,678
Fold09_200x_PE_samples_SOAPDENOVO,0.99,678
Fold09_200x_PE_samples_SOAPDENOVO,0.98,678
Fold09_200x_PE_samples_SOAPDENOVO,0.97,678
Fold09_200x_PE_samples_SOAPDENOVO,0.96,678
Fold09_200x_PE_samples_SOAPDENOVO,0.95,678
Fold09_200x_PE_samples_SOAPDENOVO,0.94,677
Fold09_200x_PE_samples_SOAPDENOVO,0.93,671
Fold09_200x_PE_samples_SOAPDENOVO,0.92,666
Fold09_200x_PE_samples_SOAPDENOVO,0.91,661
Fold09_200x_PE_samples_SOAPDENOVO,0.90,659
Fold09_200x_PE_samples_SOAPDENOVO,0.80,627
Fold09_200x_PE_samples_SOAPDENOVO,0.70,582
Fold09_200x_PE_samples_SOAPDENOVO,0.60,513
Fold09_200x_PE_samples_SOAPDENOVO,0.50,338
Fold09_200x_PE_samples_SPADES,1.00,667
Fold09_200x_PE_samples_SPADES,0.99,666
Fold09_200x_PE_samples_SPADES,0.98,663
Fold09_200x_PE_samples_SPADES,0.97,661
Fold09_200x_PE_samples_SPADES,0.96,661
Fold09_200x_PE_samples_SPADES,0.95,658
Fold09_200x_PE_samples_SPADES,0.94,655
Fold09_200x_PE_samples_SPADES,0.93,648
Fold09_200x_PE_samples_SPADES,0.92,642
Fold09_200x_PE_samples_SPADES,0.91,636
Fold09_200x_PE_samples_SPADES,0.90,629
Fold09_200x_PE_samples_SPADES,0.80,524
Fold09_200x_PE_samples_SPADES,0.70,418
Fold09_200x_PE_samples_SPADES,0.60,366
Fold09_200x_PE_samples_SPADES,0.50,247
Fold09_200x_PE_samples_STRINGTIE,1.00,1460
Fold09_200x_PE_samples_STRINGTIE,0.99,1307
Fold09_200x_PE_samples_STRINGTIE,0.98,1225
Fold09_200x_PE_samples_STRINGTIE,0.97,1168
Fold09_200x_PE_samples_STRINGTIE,0.96,1124
Fold09_200x_PE_samples_STRINGTIE,0.95,1100
Fold09_200x_PE_samples_STRINGTIE,0.94,1067
Fold09_200x_PE_samples_STRINGTIE,0.93,1027
Fold09_200x_PE_samples_STRINGTIE,0.92,1001
Fold09_200x_PE_samples_STRINGTIE,0.91,969
Fold09_200x_PE_samples_STRINGTIE,0.90,935
Fold09_200x_PE_samples_STRINGTIE,0.80,597
Fold09_200x_PE_samples_STRINGTIE,0.70,406
Fold09_200x_PE_samples_STRINGTIE,0.60,331
Fold09_200x_PE_samples_STRINGTIE,0.50,212
Fold09_200x_PE_samples_TRANSABBYS,1.00,2081
Fold09_200x_PE_samples_TRANSABBYS,0.99,1876
Fold09_200x_PE_samples_TRANSABBYS,0.98,1765
Fold09_200x_PE_samples_TRANSABBYS,0.97,1762
Fold09_200x_PE_samples_TRANSABBYS,0.96,1755
Fold09_200x_PE_samples_TRANSABBYS,0.95,1749
Fold09_200x_PE_samples_TRANSABBYS,0.94,1744
Fold09_200x_PE_samples_TRANSABBYS,0.93,1738
Fold09_200x_PE_samples_TRANSABBYS,0.92,1732
Fold09_200x_PE_samples_TRANSABBYS,0.91,1727
Fold09_200x_PE_samples_TRANSABBYS,0.90,1716
Fold09_200x_PE_samples_TRANSABBYS,0.80,1593
Fold09_200x_PE_samples_TRANSABBYS,0.70,1343
Fold09_200x_PE_samples_TRANSABBYS,0.60,1174
Fold09_200x_PE_samples_TRANSABBYS,0.50,690
Fold09_200x_PE_samples_TRINITY,1.00,1332
Fold09_200x_PE_samples_TRINITY,0.99,1301
Fold09_200x_PE_samples_TRINITY,0.98,1242
Fold09_200x_PE_samples_TRINITY,0.97,1165
Fold09_200x_PE_samples_TRINITY,0.96,1108
Fold09_200x_PE_samples_TRINITY,0.95,1075
Fold09_200x_PE_samples_TRINITY,0.94,1041
Fold09_200x_PE_samples_TRINITY,0.93,1020
Fold09_200x_PE_samples_TRINITY,0.92,997
Fold09_200x_PE_samples_TRINITY,0.91,959
Fold09_200x_PE_samples_TRINITY,0.90,940
Fold09_200x_PE_samples_TRINITY,0.80,733
Fold09_200x_PE_samples_TRINITY,0.70,563
Fold09_200x_PE_samples_TRINITY,0.60,495
Fold09_200x_PE_samples_TRINITY,0.50,357
Fold10_200x_PE_samples_BINPACKER,1.00,657
Fold10_200x_PE_samples_BINPACKER,0.99,551
Fold10_200x_PE_samples_BINPACKER,0.98,518
Fold10_200x_PE_samples_BINPACKER,0.97,504
Fold10_200x_PE_samples_BINPACKER,0.96,485
Fold10_200x_PE_samples_BINPACKER,0.95,477
Fold10_200x_PE_samples_BINPACKER,0.94,473
Fold10_200x_PE_samples_BINPACKER,0.93,461
Fold10_200x_PE_samples_BINPACKER,0.92,454
Fold10_200x_PE_samples_BINPACKER,0.91,448
Fold10_200x_PE_samples_BINPACKER,0.90,443
Fold10_200x_PE_samples_BINPACKER,0.80,397
Fold10_200x_PE_samples_BINPACKER,0.70,361
Fold10_200x_PE_samples_BINPACKER,0.60,329
Fold10_200x_PE_samples_BINPACKER,0.50,233
Fold10_200x_PE_samples_BRIDGER,1.00,497
Fold10_200x_PE_samples_BRIDGER,0.99,466
Fold10_200x_PE_samples_BRIDGER,0.98,441
Fold10_200x_PE_samples_BRIDGER,0.97,427
Fold10_200x_PE_samples_BRIDGER,0.96,422
Fold10_200x_PE_samples_BRIDGER,0.95,416
Fold10_200x_PE_samples_BRIDGER,0.94,408
Fold10_200x_PE_samples_BRIDGER,0.93,400
Fold10_200x_PE_samples_BRIDGER,0.92,392
Fold10_200x_PE_samples_BRIDGER,0.91,390
Fold10_200x_PE_samples_BRIDGER,0.90,380
Fold10_200x_PE_samples_BRIDGER,0.80,346
Fold10_200x_PE_samples_BRIDGER,0.70,318
Fold10_200x_PE_samples_BRIDGER,0.60,286
Fold10_200x_PE_samples_BRIDGER,0.50,210
Fold10_200x_PE_samples_CSTONE,1.00,307
Fold10_200x_PE_samples_CSTONE,0.99,281
Fold10_200x_PE_samples_CSTONE,0.98,274
Fold10_200x_PE_samples_CSTONE,0.97,268
Fold10_200x_PE_samples_CSTONE,0.96,268
Fold10_200x_PE_samples_CSTONE,0.95,266
Fold10_200x_PE_samples_CSTONE,0.94,265
Fold10_200x_PE_samples_CSTONE,0.93,265
Fold10_200x_PE_samples_CSTONE,0.92,264
Fold10_200x_PE_samples_CSTONE,0.91,264
Fold10_200x_PE_samples_CSTONE,0.90,263
Fold10_200x_PE_samples_CSTONE,0.80,256
Fold10_200x_PE_samples_CSTONE,0.70,232
Fold10_200x_PE_samples_CSTONE,0.60,212
Fold10_200x_PE_samples_CSTONE,0.50,149
Fold10_200x_PE_samples_IDBA,1.00,409
Fold10_200x_PE_samples_IDBA,0.99,409
Fold10_200x_PE_samples_IDBA,0.98,405
Fold10_200x_PE_samples_IDBA,0.97,402
Fold10_200x_PE_samples_IDBA,0.96,400
Fold10_200x_PE_samples_IDBA,0.95,400
Fold10_200x_PE_samples_IDBA,0.94,394
Fold10_200x_PE_samples_IDBA,0.93,390
Fold10_200x_PE_samples_IDBA,0.92,388
Fold10_200x_PE_samples_IDBA,0.91,384
Fold10_200x_PE_samples_IDBA,0.90,376
Fold10_200x_PE_samples_IDBA,0.80,279
Fold10_200x_PE_samples_IDBA,0.70,228
Fold10_200x_PE_samples_IDBA,0.60,199
Fold10_200x_PE_samples_IDBA,0.50,169
Fold10_200x_PE_samples_MEGAHIT,1.00,461
Fold10_200x_PE_samples_MEGAHIT,0.99,450
Fold10_200x_PE_samples_MEGAHIT,0.98,444
Fold10_200x_PE_samples_MEGAHIT,0.97,440
Fold10_200x_PE_samples_MEGAHIT,0.96,436
Fold10_200x_PE_samples_MEGAHIT,0.95,433
Fold10_200x_PE_samples_MEGAHIT,0.94,429
Fold10_200x_PE_samples_MEGAHIT,0.93,425
Fold10_200x_PE_samples_MEGAHIT,0.92,422
Fold10_200x_PE_samples_MEGAHIT,0.91,417
Fold10_200x_PE_samples_MEGAHIT,0.90,413
Fold10_200x_PE_samples_MEGAHIT,0.80,313
Fold10_200x_PE_samples_MEGAHIT,0.70,252
Fold10_200x_PE_samples_MEGAHIT,0.60,229
Fold10_200x_PE_samples_MEGAHIT,0.50,198
Fold10_200x_PE_samples_MERGEPIPE,1.00,171322
Fold10_200x_PE_samples_MERGEPIPE,0.99,125222
Fold10_200x_PE_samples_MERGEPIPE,0.98,90608
Fold10_200x_PE_samples_MERGEPIPE,0.97,73722
Fold10_200x_PE_samples_MERGEPIPE,0.96,66603
Fold10_200x_PE_samples_MERGEPIPE,0.95,63005
Fold10_200x_PE_samples_MERGEPIPE,0.94,60158
Fold10_200x_PE_samples_MERGEPIPE,0.93,58469
Fold10_200x_PE_samples_MERGEPIPE,0.92,56781
Fold10_200x_PE_samples_MERGEPIPE,0.91,55443
Fold10_200x_PE_samples_MERGEPIPE,0.90,54062
Fold10_200x_PE_samples_MERGEPIPE,0.80,63329
Fold10_200x_PE_samples_MERGEPIPE,0.70,54691
Fold10_200x_PE_samples_MERGEPIPE,0.60,51334
Fold10_200x_PE_samples_MERGEPIPE,0.50,45424
Fold10_200x_PE_samples_PLASS,1.00,169491
Fold10_200x_PE_samples_PLASS,0.99,123038
Fold10_200x_PE_samples_PLASS,0.98,88871
Fold10_200x_PE_samples_PLASS,0.97,72429
Fold10_200x_PE_samples_PLASS,0.96,65318
Fold10_200x_PE_samples_PLASS,0.95,61707
Fold10_200x_PE_samples_PLASS,0.94,59016
Fold10_200x_PE_samples_PLASS,0.93,57306
Fold10_200x_PE_samples_PLASS,0.92,55742
Fold10_200x_PE_samples_PLASS,0.91,54389
Fold10_200x_PE_samples_PLASS,0.90,53026
Fold10_200x_PE_samples_PLASS,0.80,62768
Fold10_200x_PE_samples_PLASS,0.70,53963
Fold10_200x_PE_samples_PLASS,0.60,50297
Fold10_200x_PE_samples_PLASS,0.50,44741
Fold10_200x_PE_samples_RNABLOOM,1.00,2060
Fold10_200x_PE_samples_RNABLOOM,0.99,1976
Fold10_200x_PE_samples_RNABLOOM,0.98,1894
Fold10_200x_PE_samples_RNABLOOM,0.97,1795
Fold10_200x_PE_samples_RNABLOOM,0.96,1708
Fold10_200x_PE_samples_RNABLOOM,0.95,1643
Fold10_200x_PE_samples_RNABLOOM,0.94,1596
Fold10_200x_PE_samples_RNABLOOM,0.93,1561
Fold10_200x_PE_samples_RNABLOOM,0.92,1533
Fold10_200x_PE_samples_RNABLOOM,0.91,1493
Fold10_200x_PE_samples_RNABLOOM,0.90,1453
Fold10_200x_PE_samples_RNABLOOM,0.80,1115
Fold10_200x_PE_samples_RNABLOOM,0.70,845
Fold10_200x_PE_samples_RNABLOOM,0.60,719
Fold10_200x_PE_samples_RNABLOOM,0.50,552
Fold10_200x_PE_samples_SOAPDENOVO,1.00,677
Fold10_200x_PE_samples_SOAPDENOVO,0.99,677
Fold10_200x_PE_samples_SOAPDENOVO,0.98,677
Fold10_200x_PE_samples_SOAPDENOVO,0.97,677
Fold10_200x_PE_samples_SOAPDENOVO,0.96,676
Fold10_200x_PE_samples_SOAPDENOVO,0.95,676
Fold10_200x_PE_samples_SOAPDENOVO,0.94,675
Fold10_200x_PE_samples_SOAPDENOVO,0.93,672
Fold10_200x_PE_samples_SOAPDENOVO,0.92,666
Fold10_200x_PE_samples_SOAPDENOVO,0.91,661
Fold10_200x_PE_samples_SOAPDENOVO,0.90,659
Fold10_200x_PE_samples_SOAPDENOVO,0.80,633
Fold10_200x_PE_samples_SOAPDENOVO,0.70,590
Fold10_200x_PE_samples_SOAPDENOVO,0.60,522
Fold10_200x_PE_samples_SOAPDENOVO,0.50,350
Fold10_200x_PE_samples_SPADES,1.00,667
Fold10_200x_PE_samples_SPADES,0.99,663
Fold10_200x_PE_samples_SPADES,0.98,659
Fold10_200x_PE_samples_SPADES,0.97,656
Fold10_200x_PE_samples_SPADES,0.96,653
Fold10_200x_PE_samples_SPADES,0.95,650
Fold10_200x_PE_samples_SPADES,0.94,646
Fold10_200x_PE_samples_SPADES,0.93,640
Fold10_200x_PE_samples_SPADES,0.92,638
Fold10_200x_PE_samples_SPADES,0.91,631
Fold10_200x_PE_samples_SPADES,0.90,624
Fold10_200x_PE_samples_SPADES,0.80,516
Fold10_200x_PE_samples_SPADES,0.70,411
Fold10_200x_PE_samples_SPADES,0.60,353
Fold10_200x_PE_samples_SPADES,0.50,242
Fold10_200x_PE_samples_STRINGTIE,1.00,1459
Fold10_200x_PE_samples_STRINGTIE,0.99,1321
Fold10_200x_PE_samples_STRINGTIE,0.98,1220
Fold10_200x_PE_samples_STRINGTIE,0.97,1166
Fold10_200x_PE_samples_STRINGTIE,0.96,1122
Fold10_200x_PE_samples_STRINGTIE,0.95,1087
Fold10_200x_PE_samples_STRINGTIE,0.94,1060
Fold10_200x_PE_samples_STRINGTIE,0.93,1024
Fold10_200x_PE_samples_STRINGTIE,0.92,997
Fold10_200x_PE_samples_STRINGTIE,0.91,968
Fold10_200x_PE_samples_STRINGTIE,0.90,939
Fold10_200x_PE_samples_STRINGTIE,0.80,608
Fold10_200x_PE_samples_STRINGTIE,0.70,411
Fold10_200x_PE_samples_STRINGTIE,0.60,329
Fold10_200x_PE_samples_STRINGTIE,0.50,214
Fold10_200x_PE_samples_TRANSABBYS,1.00,2104
Fold10_200x_PE_samples_TRANSABBYS,0.99,1911
Fold10_200x_PE_samples_TRANSABBYS,0.98,1771
Fold10_200x_PE_samples_TRANSABBYS,0.97,1764
Fold10_200x_PE_samples_TRANSABBYS,0.96,1761
Fold10_200x_PE_samples_TRANSABBYS,0.95,1756
Fold10_200x_PE_samples_TRANSABBYS,0.94,1747
Fold10_200x_PE_samples_TRANSABBYS,0.93,1740
Fold10_200x_PE_samples_TRANSABBYS,0.92,1733
Fold10_200x_PE_samples_TRANSABBYS,0.91,1724
Fold10_200x_PE_samples_TRANSABBYS,0.90,1714
Fold10_200x_PE_samples_TRANSABBYS,0.80,1582
Fold10_200x_PE_samples_TRANSABBYS,0.70,1328
Fold10_200x_PE_samples_TRANSABBYS,0.60,1142
Fold10_200x_PE_samples_TRANSABBYS,0.50,675
Fold10_200x_PE_samples_TRINITY,1.00,1395
Fold10_200x_PE_samples_TRINITY,0.99,1365
Fold10_200x_PE_samples_TRINITY,0.98,1310
Fold10_200x_PE_samples_TRINITY,0.97,1248
Fold10_200x_PE_samples_TRINITY,0.96,1197
Fold10_200x_PE_samples_TRINITY,0.95,1145
Fold10_200x_PE_samples_TRINITY,0.94,1104
Fold10_200x_PE_samples_TRINITY,0.93,1074
Fold10_200x_PE_samples_TRINITY,0.92,1036
Fold10_200x_PE_samples_TRINITY,0.91,1001
Fold10_200x_PE_samples_TRINITY,0.90,972
Fold10_200x_PE_samples_TRINITY,0.80,752
Fold10_200x_PE_samples_TRINITY,0.70,593
Fold10_200x_PE_samples_TRINITY,0.60,500
Fold10_200x_PE_samples_TRINITY,0.50,366
Fold11_200x_PE_samples_BINPACKER,1.00,653
Fold11_200x_PE_samples_BINPACKER,0.99,564
Fold11_200x_PE_samples_BINPACKER,0.98,528
Fold11_200x_PE_samples_BINPACKER,0.97,507
Fold11_200x_PE_samples_BINPACKER,0.96,490
Fold11_200x_PE_samples_BINPACKER,0.95,481
Fold11_200x_PE_samples_BINPACKER,0.94,468
Fold11_200x_PE_samples_BINPACKER,0.93,464
Fold11_200x_PE_samples_BINPACKER,0.92,456
Fold11_200x_PE_samples_BINPACKER,0.91,449
Fold11_200x_PE_samples_BINPACKER,0.90,445
Fold11_200x_PE_samples_BINPACKER,0.80,403
Fold11_200x_PE_samples_BINPACKER,0.70,374
Fold11_200x_PE_samples_BINPACKER,0.60,329
Fold11_200x_PE_samples_BINPACKER,0.50,231
Fold11_200x_PE_samples_BRIDGER,1.00,510
Fold11_200x_PE_samples_BRIDGER,0.99,472
Fold11_200x_PE_samples_BRIDGER,0.98,454
Fold11_200x_PE_samples_BRIDGER,0.97,436
Fold11_200x_PE_samples_BRIDGER,0.96,426
Fold11_200x_PE_samples_BRIDGER,0.95,417
Fold11_200x_PE_samples_BRIDGER,0.94,403
Fold11_200x_PE_samples_BRIDGER,0.93,394
Fold11_200x_PE_samples_BRIDGER,0.92,392
Fold11_200x_PE_samples_BRIDGER,0.91,385
Fold11_200x_PE_samples_BRIDGER,0.90,379
Fold11_200x_PE_samples_BRIDGER,0.80,350
Fold11_200x_PE_samples_BRIDGER,0.70,327
Fold11_200x_PE_samples_BRIDGER,0.60,288
Fold11_200x_PE_samples_BRIDGER,0.50,200
Fold11_200x_PE_samples_CSTONE,1.00,300
Fold11_200x_PE_samples_CSTONE,0.99,276
Fold11_200x_PE_samples_CSTONE,0.98,274
Fold11_200x_PE_samples_CSTONE,0.97,268
Fold11_200x_PE_samples_CSTONE,0.96,267
Fold11_200x_PE_samples_CSTONE,0.95,266
Fold11_200x_PE_samples_CSTONE,0.94,266
Fold11_200x_PE_samples_CSTONE,0.93,264
Fold11_200x_PE_samples_CSTONE,0.92,264
Fold11_200x_PE_samples_CSTONE,0.91,264
Fold11_200x_PE_samples_CSTONE,0.90,263
Fold11_200x_PE_samples_CSTONE,0.80,254
Fold11_200x_PE_samples_CSTONE,0.70,239
Fold11_200x_PE_samples_CSTONE,0.60,219
Fold11_200x_PE_samples_CSTONE,0.50,145
Fold11_200x_PE_samples_IDBA,1.00,418
Fold11_200x_PE_samples_IDBA,0.99,418
Fold11_200x_PE_samples_IDBA,0.98,418
Fold11_200x_PE_samples_IDBA,0.97,416
Fold11_200x_PE_samples_IDBA,0.96,412
Fold11_200x_PE_samples_IDBA,0.95,411
Fold11_200x_PE_samples_IDBA,0.94,407
Fold11_200x_PE_samples_IDBA,0.93,402
Fold11_200x_PE_samples_IDBA,0.92,401
Fold11_200x_PE_samples_IDBA,0.91,398
Fold11_200x_PE_samples_IDBA,0.90,390
Fold11_200x_PE_samples_IDBA,0.80,313
Fold11_200x_PE_samples_IDBA,0.70,254
Fold11_200x_PE_samples_IDBA,0.60,222
Fold11_200x_PE_samples_IDBA,0.50,179
Fold11_200x_PE_samples_MEGAHIT,1.00,453
Fold11_200x_PE_samples_MEGAHIT,0.99,447
Fold11_200x_PE_samples_MEGAHIT,0.98,444
Fold11_200x_PE_samples_MEGAHIT,0.97,443
Fold11_200x_PE_samples_MEGAHIT,0.96,438
Fold11_200x_PE_samples_MEGAHIT,0.95,432
Fold11_200x_PE_samples_MEGAHIT,0.94,427
Fold11_200x_PE_samples_MEGAHIT,0.93,424
Fold11_200x_PE_samples_MEGAHIT,0.92,422
Fold11_200x_PE_samples_MEGAHIT,0.91,417
Fold11_200x_PE_samples_MEGAHIT,0.90,412
Fold11_200x_PE_samples_MEGAHIT,0.80,317
Fold11_200x_PE_samples_MEGAHIT,0.70,254
Fold11_200x_PE_samples_MEGAHIT,0.60,220
Fold11_200x_PE_samples_MEGAHIT,0.50,177
Fold11_200x_PE_samples_MERGEPIPE,1.00,173467
Fold11_200x_PE_samples_MERGEPIPE,0.99,126951
Fold11_200x_PE_samples_MERGEPIPE,0.98,92257
Fold11_200x_PE_samples_MERGEPIPE,0.97,75244
Fold11_200x_PE_samples_MERGEPIPE,0.96,67471
Fold11_200x_PE_samples_MERGEPIPE,0.95,63793
Fold11_200x_PE_samples_MERGEPIPE,0.94,60990
Fold11_200x_PE_samples_MERGEPIPE,0.93,59192
Fold11_200x_PE_samples_MERGEPIPE,0.92,57516
Fold11_200x_PE_samples_MERGEPIPE,0.91,56142
Fold11_200x_PE_samples_MERGEPIPE,0.90,55010
Fold11_200x_PE_samples_MERGEPIPE,0.80,63255
Fold11_200x_PE_samples_MERGEPIPE,0.70,55938
Fold11_200x_PE_samples_MERGEPIPE,0.60,52233
Fold11_200x_PE_samples_MERGEPIPE,0.50,46994
Fold11_200x_PE_samples_PLASS,1.00,171618
Fold11_200x_PE_samples_PLASS,0.99,124749
Fold11_200x_PE_samples_PLASS,0.98,90713
Fold11_200x_PE_samples_PLASS,0.97,74046
Fold11_200x_PE_samples_PLASS,0.96,66403
Fold11_200x_PE_samples_PLASS,0.95,62797
Fold11_200x_PE_samples_PLASS,0.94,60176
Fold11_200x_PE_samples_PLASS,0.93,58441
Fold11_200x_PE_samples_PLASS,0.92,56673
Fold11_200x_PE_samples_PLASS,0.91,55510
Fold11_200x_PE_samples_PLASS,0.90,54161
Fold11_200x_PE_samples_PLASS,0.80,62947
Fold11_200x_PE_samples_PLASS,0.70,55286
Fold11_200x_PE_samples_PLASS,0.60,51496
Fold11_200x_PE_samples_PLASS,0.50,46536
Fold11_200x_PE_samples_RNABLOOM,1.00,2338
Fold11_200x_PE_samples_RNABLOOM,0.99,2247
Fold11_200x_PE_samples_RNABLOOM,0.98,2144
Fold11_200x_PE_samples_RNABLOOM,0.97,2014
Fold11_200x_PE_samples_RNABLOOM,0.96,1901
Fold11_200x_PE_samples_RNABLOOM,0.95,1828
Fold11_200x_PE_samples_RNABLOOM,0.94,1780
Fold11_200x_PE_samples_RNABLOOM,0.93,1740
Fold11_200x_PE_samples_RNABLOOM,0.92,1696
Fold11_200x_PE_samples_RNABLOOM,0.91,1662
Fold11_200x_PE_samples_RNABLOOM,0.90,1631
Fold11_200x_PE_samples_RNABLOOM,0.80,1268
Fold11_200x_PE_samples_RNABLOOM,0.70,958
Fold11_200x_PE_samples_RNABLOOM,0.60,827
Fold11_200x_PE_samples_RNABLOOM,0.50,653
Fold11_200x_PE_samples_SOAPDENOVO,1.00,701
Fold11_200x_PE_samples_SOAPDENOVO,0.99,701
Fold11_200x_PE_samples_SOAPDENOVO,0.98,701
Fold11_200x_PE_samples_SOAPDENOVO,0.97,701
Fold11_200x_PE_samples_SOAPDENOVO,0.96,700
Fold11_200x_PE_samples_SOAPDENOVO,0.95,700
Fold11_200x_PE_samples_SOAPDENOVO,0.94,698
Fold11_200x_PE_samples_SOAPDENOVO,0.93,696
Fold11_200x_PE_samples_SOAPDENOVO,0.92,691
Fold11_200x_PE_samples_SOAPDENOVO,0.91,688
Fold11_200x_PE_samples_SOAPDENOVO,0.90,684
Fold11_200x_PE_samples_SOAPDENOVO,0.80,651
Fold11_200x_PE_samples_SOAPDENOVO,0.70,608
Fold11_200x_PE_samples_SOAPDENOVO,0.60,531
Fold11_200x_PE_samples_SOAPDENOVO,0.50,362
Fold11_200x_PE_samples_SPADES,1.00,671
Fold11_200x_PE_samples_SPADES,0.99,666
Fold11_200x_PE_samples_SPADES,0.98,664
Fold11_200x_PE_samples_SPADES,0.97,662
Fold11_200x_PE_samples_SPADES,0.96,660
Fold11_200x_PE_samples_SPADES,0.95,655
Fold11_200x_PE_samples_SPADES,0.94,650
Fold11_200x_PE_samples_SPADES,0.93,646
Fold11_200x_PE_samples_SPADES,0.92,642
Fold11_200x_PE_samples_SPADES,0.91,632
Fold11_200x_PE_samples_SPADES,0.90,620
Fold11_200x_PE_samples_SPADES,0.80,522
Fold11_200x_PE_samples_SPADES,0.70,424
Fold11_200x_PE_samples_SPADES,0.60,365
Fold11_200x_PE_samples_SPADES,0.50,257
Fold11_200x_PE_samples_STRINGTIE,1.00,1462
Fold11_200x_PE_samples_STRINGTIE,0.99,1312
Fold11_200x_PE_samples_STRINGTIE,0.98,1217
Fold11_200x_PE_samples_STRINGTIE,0.97,1160
Fold11_200x_PE_samples_STRINGTIE,0.96,1124
Fold11_200x_PE_samples_STRINGTIE,0.95,1099
Fold11_200x_PE_samples_STRINGTIE,0.94,1063
Fold11_200x_PE_samples_STRINGTIE,0.93,1024
Fold11_200x_PE_samples_STRINGTIE,0.92,1001
Fold11_200x_PE_samples_STRINGTIE,0.91,975
Fold11_200x_PE_samples_STRINGTIE,0.90,953
Fold11_200x_PE_samples_STRINGTIE,0.80,606
Fold11_200x_PE_samples_STRINGTIE,0.70,400
Fold11_200x_PE_samples_STRINGTIE,0.60,329
Fold11_200x_PE_samples_STRINGTIE,0.50,204
Fold11_200x_PE_samples_TRANSABBYS,1.00,2132
Fold11_200x_PE_samples_TRANSABBYS,0.99,1929
Fold11_200x_PE_samples_TRANSABBYS,0.98,1783
Fold11_200x_PE_samples_TRANSABBYS,0.97,1780
Fold11_200x_PE_samples_TRANSABBYS,0.96,1775
Fold11_200x_PE_samples_TRANSABBYS,0.95,1766
Fold11_200x_PE_samples_TRANSABBYS,0.94,1761
Fold11_200x_PE_samples_TRANSABBYS,0.93,1757
Fold11_200x_PE_samples_TRANSABBYS,0.92,1754
Fold11_200x_PE_samples_TRANSABBYS,0.91,1743
Fold11_200x_PE_samples_TRANSABBYS,0.90,1730
Fold11_200x_PE_samples_TRANSABBYS,0.80,1596
Fold11_200x_PE_samples_TRANSABBYS,0.70,1389
Fold11_200x_PE_samples_TRANSABBYS,0.60,1199
Fold11_200x_PE_samples_TRANSABBYS,0.50,682
Fold11_200x_PE_samples_TRINITY,1.00,1373
Fold11_200x_PE_samples_TRINITY,0.99,1347
Fold11_200x_PE_samples_TRINITY,0.98,1285
Fold11_200x_PE_samples_TRINITY,0.97,1208
Fold11_200x_PE_samples_TRINITY,0.96,1158
Fold11_200x_PE_samples_TRINITY,0.95,1118
Fold11_200x_PE_samples_TRINITY,0.94,1083
Fold11_200x_PE_samples_TRINITY,0.93,1043
Fold11_200x_PE_samples_TRINITY,0.92,1015
Fold11_200x_PE_samples_TRINITY,0.91,993
Fold11_200x_PE_samples_TRINITY,0.90,967
Fold11_200x_PE_samples_TRINITY,0.80,748
Fold11_200x_PE_samples_TRINITY,0.70,567
Fold11_200x_PE_samples_TRINITY,0.60,483
Fold11_200x_PE_samples_TRINITY,0.50,327
Fold12_200x_PE_samples_BINPACKER,1.00,679
Fold12_200x_PE_samples_BINPACKER,0.99,584
Fold12_200x_PE_samples_BINPACKER,0.98,551
Fold12_200x_PE_samples_BINPACKER,0.97,531
Fold12_200x_PE_samples_BINPACKER,0.96,516
Fold12_200x_PE_samples_BINPACKER,0.95,504
Fold12_200x_PE_samples_BINPACKER,0.94,490
Fold12_200x_PE_samples_BINPACKER,0.93,482
Fold12_200x_PE_samples_BINPACKER,0.92,472
Fold12_200x_PE_samples_BINPACKER,0.91,466
Fold12_200x_PE_samples_BINPACKER,0.90,464
Fold12_200x_PE_samples_BINPACKER,0.80,416
Fold12_200x_PE_samples_BINPACKER,0.70,381
Fold12_200x_PE_samples_BINPACKER,0.60,346
Fold12_200x_PE_samples_BINPACKER,0.50,248
Fold12_200x_PE_samples_BRIDGER,1.00,524
Fold12_200x_PE_samples_BRIDGER,0.99,494
Fold12_200x_PE_samples_BRIDGER,0.98,474
Fold12_200x_PE_samples_BRIDGER,0.97,459
Fold12_200x_PE_samples_BRIDGER,0.96,447
Fold12_200x_PE_samples_BRIDGER,0.95,431
Fold12_200x_PE_samples_BRIDGER,0.94,420
Fold12_200x_PE_samples_BRIDGER,0.93,413
Fold12_200x_PE_samples_BRIDGER,0.92,405
Fold12_200x_PE_samples_BRIDGER,0.91,397
Fold12_200x_PE_samples_BRIDGER,0.90,392
Fold12_200x_PE_samples_BRIDGER,0.80,359
Fold12_200x_PE_samples_BRIDGER,0.70,336
Fold12_200x_PE_samples_BRIDGER,0.60,302
Fold12_200x_PE_samples_BRIDGER,0.50,212
Fold12_200x_PE_samples_CSTONE,1.00,319
Fold12_200x_PE_samples_CSTONE,0.99,290
Fold12_200x_PE_samples_CSTONE,0.98,282
Fold12_200x_PE_samples_CSTONE,0.97,277
Fold12_200x_PE_samples_CSTONE,0.96,276
Fold12_200x_PE_samples_CSTONE,0.95,276
Fold12_200x_PE_samples_CSTONE,0.94,275
Fold12_200x_PE_samples_CSTONE,0.93,273
Fold12_200x_PE_samples_CSTONE,0.92,273
Fold12_200x_PE_samples_CSTONE,0.91,273
Fold12_200x_PE_samples_CSTONE,0.90,272
Fold12_200x_PE_samples_CSTONE,0.80,256
Fold12_200x_PE_samples_CSTONE,0.70,240
Fold12_200x_PE_samples_CSTONE,0.60,218
Fold12_200x_PE_samples_CSTONE,0.50,156
Fold12_200x_PE_samples_IDBA,1.00,425
Fold12_200x_PE_samples_IDBA,0.99,425
Fold12_200x_PE_samples_IDBA,0.98,423
Fold12_200x_PE_samples_IDBA,0.97,419
Fold12_200x_PE_samples_IDBA,0.96,416
Fold12_200x_PE_samples_IDBA,0.95,415
Fold12_200x_PE_samples_IDBA,0.94,411
Fold12_200x_PE_samples_IDBA,0.93,407
Fold12_200x_PE_samples_IDBA,0.92,402
Fold12_200x_PE_samples_IDBA,0.91,399
Fold12_200x_PE_samples_IDBA,0.90,395
Fold12_200x_PE_samples_IDBA,0.80,303
Fold12_200x_PE_samples_IDBA,0.70,247
Fold12_200x_PE_samples_IDBA,0.60,218
Fold12_200x_PE_samples_IDBA,0.50,178
Fold12_200x_PE_samples_MEGAHIT,1.00,483
Fold12_200x_PE_samples_MEGAHIT,0.99,477
Fold12_200x_PE_samples_MEGAHIT,0.98,472
Fold12_200x_PE_samples_MEGAHIT,0.97,468
Fold12_200x_PE_samples_MEGAHIT,0.96,463
Fold12_200x_PE_samples_MEGAHIT,0.95,461
Fold12_200x_PE_samples_MEGAHIT,0.94,453
Fold12_200x_PE_samples_MEGAHIT,0.93,446
Fold12_200x_PE_samples_MEGAHIT,0.92,445
Fold12_200x_PE_samples_MEGAHIT,0.91,441
Fold12_200x_PE_samples_MEGAHIT,0.90,431
Fold12_200x_PE_samples_MEGAHIT,0.80,325
Fold12_200x_PE_samples_MEGAHIT,0.70,268
Fold12_200x_PE_samples_MEGAHIT,0.60,239
Fold12_200x_PE_samples_MEGAHIT,0.50,190
Fold12_200x_PE_samples_MERGEPIPE,1.00,172397
Fold12_200x_PE_samples_MERGEPIPE,0.99,125554
Fold12_200x_PE_samples_MERGEPIPE,0.98,91132
Fold12_200x_PE_samples_MERGEPIPE,0.97,74426
Fold12_200x_PE_samples_MERGEPIPE,0.96,67228
Fold12_200x_PE_samples_MERGEPIPE,0.95,63634
Fold12_200x_PE_samples_MERGEPIPE,0.94,60565
Fold12_200x_PE_samples_MERGEPIPE,0.93,59019
Fold12_200x_PE_samples_MERGEPIPE,0.92,57260
Fold12_200x_PE_samples_MERGEPIPE,0.91,56029
Fold12_200x_PE_samples_MERGEPIPE,0.90,54598
Fold12_200x_PE_samples_MERGEPIPE,0.80,63781
Fold12_200x_PE_samples_MERGEPIPE,0.70,55440
Fold12_200x_PE_samples_MERGEPIPE,0.60,51792
Fold12_200x_PE_samples_MERGEPIPE,0.50,46231
Fold12_200x_PE_samples_PLASS,1.00,170505
Fold12_200x_PE_samples_PLASS,0.99,123473
Fold12_200x_PE_samples_PLASS,0.98,89660
Fold12_200x_PE_samples_PLASS,0.97,73210
Fold12_200x_PE_samples_PLASS,0.96,66149
Fold12_200x_PE_samples_PLASS,0.95,62578
Fold12_200x_PE_samples_PLASS,0.94,59788
Fold12_200x_PE_samples_PLASS,0.93,57933
Fold12_200x_PE_samples_PLASS,0.92,56485
Fold12_200x_PE_samples_PLASS,0.91,55175
Fold12_200x_PE_samples_PLASS,0.90,53767
Fold12_200x_PE_samples_PLASS,0.80,62686
Fold12_200x_PE_samples_PLASS,0.70,54507
Fold12_200x_PE_samples_PLASS,0.60,50866
Fold12_200x_PE_samples_PLASS,0.50,45299
Fold12_200x_PE_samples_RNABLOOM,1.00,2190
Fold12_200x_PE_samples_RNABLOOM,0.99,2113
Fold12_200x_PE_samples_RNABLOOM,0.98,2008
Fold12_200x_PE_samples_RNABLOOM,0.97,1888
Fold12_200x_PE_samples_RNABLOOM,0.96,1788
Fold12_200x_PE_samples_RNABLOOM,0.95,1725
Fold12_200x_PE_samples_RNABLOOM,0.94,1663
Fold12_200x_PE_samples_RNABLOOM,0.93,1627
Fold12_200x_PE_samples_RNABLOOM,0.92,1583
Fold12_200x_PE_samples_RNABLOOM,0.91,1554
Fold12_200x_PE_samples_RNABLOOM,0.90,1525
Fold12_200x_PE_samples_RNABLOOM,0.80,1157
Fold12_200x_PE_samples_RNABLOOM,0.70,871
Fold12_200x_PE_samples_RNABLOOM,0.60,749
Fold12_200x_PE_samples_RNABLOOM,0.50,578
Fold12_200x_PE_samples_SOAPDENOVO,1.00,688
Fold12_200x_PE_samples_SOAPDENOVO,0.99,688
Fold12_200x_PE_samples_SOAPDENOVO,0.98,688
Fold12_200x_PE_samples_SOAPDENOVO,0.97,688
Fold12_200x_PE_samples_SOAPDENOVO,0.96,687
Fold12_200x_PE_samples_SOAPDENOVO,0.95,687
Fold12_200x_PE_samples_SOAPDENOVO,0.94,686
Fold12_200x_PE_samples_SOAPDENOVO,0.93,684
Fold12_200x_PE_samples_SOAPDENOVO,0.92,678
Fold12_200x_PE_samples_SOAPDENOVO,0.91,671
Fold12_200x_PE_samples_SOAPDENOVO,0.90,668
Fold12_200x_PE_samples_SOAPDENOVO,0.80,644
Fold12_200x_PE_samples_SOAPDENOVO,0.70,604
Fold12_200x_PE_samples_SOAPDENOVO,0.60,539
Fold12_200x_PE_samples_SOAPDENOVO,0.50,359
Fold12_200x_PE_samples_SPADES,1.00,648
Fold12_200x_PE_samples_SPADES,0.99,646
Fold12_200x_PE_samples_SPADES,0.98,639
Fold12_200x_PE_samples_SPADES,0.97,637
Fold12_200x_PE_samples_SPADES,0.96,637
Fold12_200x_PE_samples_SPADES,0.95,633
Fold12_200x_PE_samples_SPADES,0.94,627
Fold12_200x_PE_samples_SPADES,0.93,622
Fold12_200x_PE_samples_SPADES,0.92,616
Fold12_200x_PE_samples_SPADES,0.91,605
Fold12_200x_PE_samples_SPADES,0.90,595
Fold12_200x_PE_samples_SPADES,0.80,507
Fold12_200x_PE_samples_SPADES,0.70,401
Fold12_200x_PE_samples_SPADES,0.60,355
Fold12_200x_PE_samples_SPADES,0.50,246
Fold12_200x_PE_samples_STRINGTIE,1.00,1466
Fold12_200x_PE_samples_STRINGTIE,0.99,1324
Fold12_200x_PE_samples_STRINGTIE,0.98,1218
Fold12_200x_PE_samples_STRINGTIE,0.97,1165
Fold12_200x_PE_samples_STRINGTIE,0.96,1122
Fold12_200x_PE_samples_STRINGTIE,0.95,1095
Fold12_200x_PE_samples_STRINGTIE,0.94,1061
Fold12_200x_PE_samples_STRINGTIE,0.93,1024
Fold12_200x_PE_samples_STRINGTIE,0.92,1002
Fold12_200x_PE_samples_STRINGTIE,0.91,974
Fold12_200x_PE_samples_STRINGTIE,0.90,938
Fold12_200x_PE_samples_STRINGTIE,0.80,598
Fold12_200x_PE_samples_STRINGTIE,0.70,415
Fold12_200x_PE_samples_STRINGTIE,0.60,326
Fold12_200x_PE_samples_STRINGTIE,0.50,208
Fold12_200x_PE_samples_TRANSABBYS,1.00,2144
Fold12_200x_PE_samples_TRANSABBYS,0.99,1931
Fold12_200x_PE_samples_TRANSABBYS,0.98,1790
Fold12_200x_PE_samples_TRANSABBYS,0.97,1776
Fold12_200x_PE_samples_TRANSABBYS,0.96,1771
Fold12_200x_PE_samples_TRANSABBYS,0.95,1767
Fold12_200x_PE_samples_TRANSABBYS,0.94,1760
Fold12_200x_PE_samples_TRANSABBYS,0.93,1751
Fold12_200x_PE_samples_TRANSABBYS,0.92,1743
Fold12_200x_PE_samples_TRANSABBYS,0.91,1729
Fold12_200x_PE_samples_TRANSABBYS,0.90,1722
Fold12_200x_PE_samples_TRANSABBYS,0.80,1601
Fold12_200x_PE_samples_TRANSABBYS,0.70,1354
Fold12_200x_PE_samples_TRANSABBYS,0.60,1157
Fold12_200x_PE_samples_TRANSABBYS,0.50,701
Fold12_200x_PE_samples_TRINITY,1.00,1399
Fold12_200x_PE_samples_TRINITY,0.99,1367
Fold12_200x_PE_samples_TRINITY,0.98,1316
Fold12_200x_PE_samples_TRINITY,0.97,1219
Fold12_200x_PE_samples_TRINITY,0.96,1160
Fold12_200x_PE_samples_TRINITY,0.95,1114
Fold12_200x_PE_samples_TRINITY,0.94,1081
Fold12_200x_PE_samples_TRINITY,0.93,1059
Fold12_200x_PE_samples_TRINITY,0.92,1027
Fold12_200x_PE_samples_TRINITY,0.91,1010
Fold12_200x_PE_samples_TRINITY,0.90,979
Fold12_200x_PE_samples_TRINITY,0.80,768
Fold12_200x_PE_samples_TRINITY,0.70,575
Fold12_200x_PE_samples_TRINITY,0.60,490
Fold12_200x_PE_samples_TRINITY,0.50,371
